date,rf_rate
2009-01-02,0.0008500000089406968
2009-01-05,0.0008500000089406968
2009-01-06,0.0012999999523162842
2009-01-07,0.0010000000149011613
2009-01-08,0.0007999999821186065
2009-01-09,0.0006499999761581421
2009-01-12,0.0006499999761581421
2009-01-13,0.0010499999672174453
2009-01-14,0.0010999999940395355
2009-01-15,0.0010000000149011613
2009-01-16,0.0011500000208616258
2009-01-20,0.0010000000149011613
2009-01-21,0.0010999999940395355
2009-01-22,0.0010000000149011613
2009-01-23,0.0009000000357627869
2009-01-26,0.0010000000149011613
2009-01-27,0.0012999999523162842
2009-01-28,0.0018000000715255738
2009-01-29,0.002199999988079071
2009-01-30,0.002199999988079071
2009-02-02,0.002450000047683716
2009-02-03,0.003100000023841858
2009-02-04,0.0028999999165534975
2009-02-05,0.0027000001072883606
2009-02-06,0.0027000001072883606
2009-02-09,0.002750000059604645
2009-02-10,0.003050000071525574
2009-02-11,0.0030000001192092896
2009-02-12,0.0028499999642372133
2009-02-13,0.0028999999165534975
2009-02-17,0.0028499999642372133
2009-02-18,0.0030000001192092896
2009-02-19,0.0030000001192092896
2009-02-20,0.0026499998569488527
2009-02-23,0.0027000001072883606
2009-02-24,0.0029499998688697817
2009-02-25,0.0029499998688697817
2009-02-26,0.0026499998569488527
2009-02-27,0.0025
2009-03-02,0.0023000000417232516
2009-03-03,0.0026499998569488527
2009-03-04,0.0025
2009-03-05,0.0020000000298023225
2009-03-06,0.0018500000238418578
2009-03-09,0.0020000000298023225
2009-03-10,0.0023499999940395353
2009-03-11,0.002199999988079071
2009-03-12,0.0020000000298023225
2009-03-13,0.001899999976158142
2009-03-16,0.002199999988079071
2009-03-17,0.0022499999403953553
2009-03-18,0.0020499999821186068
2009-03-19,0.001899999976158142
2009-03-20,0.0020000000298023225
2009-03-23,0.001899999976158142
2009-03-24,0.0020499999821186068
2009-03-25,0.0018500000238418578
2009-03-26,0.0014000000059604645
2009-03-27,0.00125
2009-03-30,0.0011999999731779098
2009-03-31,0.0020000000298023225
2009-04-01,0.0020999999344348905
2009-04-02,0.001899999976158142
2009-04-03,0.0020000000298023225
2009-04-06,0.0018500000238418578
2009-04-07,0.001899999976158142
2009-04-08,0.0018000000715255738
2009-04-09,0.0017499999701976775
2009-04-13,0.0017000000178813935
2009-04-14,0.0016500000655651093
2009-04-15,0.0014000000059604645
2009-04-16,0.00125
2009-04-17,0.0012999999523162842
2009-04-20,0.0011999999731779098
2009-04-21,0.0014000000059604645
2009-04-22,0.0013500000536441803
2009-04-23,0.000949999988079071
2009-04-24,0.000949999988079071
2009-04-27,0.0009000000357627869
2009-04-28,0.0011999999731779098
2009-04-29,0.000949999988079071
2009-04-30,0.00125
2009-05-01,0.0014499999582767487
2009-05-04,0.0017499999701976775
2009-05-05,0.0017499999701976775
2009-05-06,0.0018000000715255738
2009-05-07,0.0018000000715255738
2009-05-08,0.0016500000655651093
2009-05-11,0.001550000011920929
2009-05-12,0.0018000000715255738
2009-05-13,0.0017000000178813935
2009-05-14,0.001550000011920929
2009-05-15,0.001550000011920929
2009-05-18,0.001599999964237213
2009-05-19,0.0017499999701976775
2009-05-20,0.0017000000178813935
2009-05-21,0.0017499999701976775
2009-05-22,0.0017499999701976775
2009-05-26,0.0016500000655651093
2009-05-27,0.001599999964237213
2009-05-28,0.0013500000536441803
2009-05-29,0.0012999999523162842
2009-06-01,0.0008500000089406968
2009-06-02,0.0012999999523162842
2009-06-03,0.0012999999523162842
2009-06-04,0.0013500000536441803
2009-06-05,0.0018000000715255738
2009-06-08,0.0017000000178813935
2009-06-09,0.0017499999701976775
2009-06-10,0.0017499999701976775
2009-06-11,0.0017000000178813935
2009-06-12,0.0016500000655651093
2009-06-15,0.001550000011920929
2009-06-16,0.0016500000655651093
2009-06-17,0.0016500000655651093
2009-06-18,0.0017000000178813935
2009-06-19,0.0017000000178813935
2009-06-22,0.0018500000238418578
2009-06-23,0.0019499999284744263
2009-06-24,0.0018000000715255738
2009-06-25,0.0016500000655651093
2009-06-26,0.0017499999701976775
2009-06-29,0.001599999964237213
2009-06-30,0.0018000000715255738
2009-07-01,0.0016500000655651093
2009-07-02,0.001550000011920929
2009-07-06,0.001550000011920929
2009-07-07,0.0018000000715255738
2009-07-08,0.0017499999701976775
2009-07-09,0.0017499999701976775
2009-07-10,0.0016500000655651093
2009-07-13,0.0017000000178813935
2009-07-14,0.0017499999701976775
2009-07-15,0.0017499999701976775
2009-07-16,0.0016500000655651093
2009-07-17,0.0016500000655651093
2009-07-20,0.001599999964237213
2009-07-21,0.0018000000715255738
2009-07-22,0.0018000000715255738
2009-07-23,0.0018000000715255738
2009-07-24,0.0018000000715255738
2009-07-27,0.0018000000715255738
2009-07-28,0.0018500000238418578
2009-07-29,0.0017499999701976775
2009-07-30,0.0017499999701976775
2009-07-31,0.0017499999701976775
2009-08-03,0.0017499999701976775
2009-08-04,0.0017499999701976775
2009-08-05,0.0017499999701976775
2009-08-06,0.0017000000178813935
2009-08-07,0.0017000000178813935
2009-08-10,0.001599999964237213
2009-08-11,0.0018000000715255738
2009-08-12,0.0017000000178813935
2009-08-13,0.0016500000655651093
2009-08-14,0.0017000000178813935
2009-08-17,0.0017000000178813935
2009-08-18,0.0017499999701976775
2009-08-19,0.0016500000655651093
2009-08-20,0.001599999964237213
2009-08-21,0.001599999964237213
2009-08-24,0.001550000011920929
2009-08-25,0.001550000011920929
2009-08-26,0.0014499999582767487
2009-08-27,0.0014000000059604645
2009-08-28,0.0012999999523162842
2009-08-31,0.0012999999523162842
2009-09-01,0.0012999999523162842
2009-09-02,0.0012999999523162842
2009-09-03,0.00125
2009-09-04,0.00125
2009-09-08,0.00125
2009-09-09,0.0013500000536441803
2009-09-10,0.0013500000536441803
2009-09-11,0.0013500000536441803
2009-09-14,0.0012999999523162842
2009-09-15,0.00125
2009-09-16,0.000949999988079071
2009-09-17,0.000949999988079071
2009-09-18,0.0007999999821186065
2009-09-21,0.0009000000357627869
2009-09-22,0.000949999988079071
2009-09-23,0.000949999988079071
2009-09-24,0.0009000000357627869
2009-09-25,0.0009000000357627869
2009-09-28,0.0009000000357627869
2009-09-29,0.0011999999731779098
2009-09-30,0.0011500000208616258
2009-10-01,0.000949999988079071
2009-10-02,0.0009000000357627869
2009-10-05,0.0009000000357627869
2009-10-06,0.0007000000029802323
2009-10-07,0.0005999999865889549
2009-10-08,0.0005999999865889549
2009-10-09,0.0006499999761581421
2009-10-12,0.0005999999865889549
2009-10-13,0.0005999999865889549
2009-10-14,0.0006499999761581421
2009-10-15,0.0005499999970197678
2009-10-16,0.0005999999865889549
2009-10-19,0.0005999999865889549
2009-10-20,0.0007500000298023224
2009-10-21,0.0006499999761581421
2009-10-22,0.0005000000074505806
2009-10-23,0.0005000000074505806
2009-10-26,0.0005000000074505806
2009-10-27,0.0007000000029802323
2009-10-28,0.0005999999865889549
2009-10-29,0.0005000000074505806
2009-10-30,0.00045000001788139346
2009-11-02,0.00039999999105930326
2009-11-03,0.0005000000074505806
2009-11-04,0.00045000001788139346
2009-11-05,0.00035000000149011613
2009-11-06,0.00045000001788139346
2009-11-09,0.00045000001788139346
2009-11-10,0.0005999999865889549
2009-11-11,0.0005999999865889549
2009-11-12,0.0005499999970197678
2009-11-13,0.0005499999970197678
2009-11-16,0.0005499999970197678
2009-11-17,0.0005499999970197678
2009-11-18,0.00029999999329447744
2009-11-19,4.999999888241291e-05
2009-11-20,9.999999776482581e-05
2009-11-23,0.00019999999552965163
2009-11-24,0.00039999999105930326
2009-11-25,0.00039999999105930326
2009-11-27,0.0002500000037252903
2009-11-30,0.0005000000074505806
2009-12-01,0.0005000000074505806
2009-12-02,0.00039999999105930326
2009-12-03,0.00039999999105930326
2009-12-04,0.00039999999105930326
2009-12-07,0.00014999999664723872
2009-12-08,0.0002500000037252903
2009-12-09,0.0002500000037252903
2009-12-10,0.0002500000037252903
2009-12-11,0.00019999999552965163
2009-12-14,0.00019999999552965163
2009-12-15,0.00039999999105930326
2009-12-16,0.00035000000149011613
2009-12-17,0.00039999999105930326
2009-12-18,0.00039999999105930326
2009-12-21,0.00045000001788139346
2009-12-22,0.0007000000029802323
2009-12-23,0.0005499999970197678
2009-12-24,0.00039999999105930326
2009-12-28,0.0005499999970197678
2009-12-29,0.000949999988079071
2009-12-30,0.00039999999105930326
2009-12-31,0.0005000000074505806
2010-01-04,0.0005499999970197678
2010-01-05,0.0005999999865889549
2010-01-06,0.00045000001788139346
2010-01-07,0.00045000001788139346
2010-01-08,0.00039999999105930326
2010-01-11,0.0002500000037252903
2010-01-12,0.00039999999105930326
2010-01-13,0.0005000000074505806
2010-01-14,0.00045000001788139346
2010-01-15,0.0005499999970197678
2010-01-19,0.0005000000074505806
2010-01-20,0.0005000000074505806
2010-01-21,0.00039999999105930326
2010-01-22,0.00045000001788139346
2010-01-25,0.00045000001788139346
2010-01-26,0.0006499999761581421
2010-01-27,0.0007000000029802323
2010-01-28,0.0007000000029802323
2010-01-29,0.0007000000029802323
2010-02-01,0.0008500000089406968
2010-02-02,0.0009000000357627869
2010-02-03,0.0009000000357627869
2010-02-04,0.0008500000089406968
2010-02-05,0.0008500000089406968
2010-02-08,0.0009000000357627869
2010-02-09,0.0010000000149011613
2010-02-10,0.0010000000149011613
2010-02-11,0.000949999988079071
2010-02-12,0.0009000000357627869
2010-02-16,0.0008500000089406968
2010-02-17,0.0009000000357627869
2010-02-18,0.0008500000089406968
2010-02-19,0.000949999988079071
2010-02-22,0.0008500000089406968
2010-02-23,0.0011500000208616258
2010-02-24,0.0010999999940395355
2010-02-25,0.0011500000208616258
2010-02-26,0.0011500000208616258
2010-03-01,0.0011999999731779098
2010-03-02,0.00125
2010-03-03,0.0013500000536441803
2010-03-04,0.0013500000536441803
2010-03-05,0.0014499999582767487
2010-03-08,0.0014499999582767487
2010-03-09,0.0015000000596046448
2010-03-10,0.0014499999582767487
2010-03-11,0.0014499999582767487
2010-03-12,0.0014000000059604645
2010-03-15,0.0014499999582767487
2010-03-16,0.001550000011920929
2010-03-17,0.0015000000596046448
2010-03-18,0.0014499999582767487
2010-03-19,0.0014499999582767487
2010-03-22,0.0014000000059604645
2010-03-23,0.0012999999523162842
2010-03-24,0.0013500000536441803
2010-03-25,0.0012999999523162842
2010-03-26,0.0012999999523162842
2010-03-29,0.00125
2010-03-30,0.0015000000596046448
2010-03-31,0.0015000000596046448
2010-04-01,0.0015000000596046448
2010-04-05,0.001599999964237213
2010-04-06,0.0016500000655651093
2010-04-07,0.001599999964237213
2010-04-08,0.001550000011920929
2010-04-09,0.0015000000596046448
2010-04-12,0.0013500000536441803
2010-04-13,0.0015000000596046448
2010-04-14,0.001550000011920929
2010-04-15,0.0015000000596046448
2010-04-16,0.0015000000596046448
2010-04-19,0.0015000000596046448
2010-04-20,0.0014499999582767487
2010-04-21,0.0014499999582767487
2010-04-22,0.0015000000596046448
2010-04-23,0.001550000011920929
2010-04-26,0.0015000000596046448
2010-04-27,0.0014499999582767487
2010-04-28,0.001550000011920929
2010-04-29,0.001599999964237213
2010-04-30,0.001550000011920929
2010-05-03,0.001599999964237213
2010-05-04,0.001550000011920929
2010-05-05,0.0014499999582767487
2010-05-06,0.0010000000149011613
2010-05-07,0.0011999999731779098
2010-05-10,0.0014499999582767487
2010-05-11,0.0015000000596046448
2010-05-12,0.0015000000596046448
2010-05-13,0.001550000011920929
2010-05-14,0.0014499999582767487
2010-05-17,0.0015000000596046448
2010-05-18,0.0016500000655651093
2010-05-19,0.0016500000655651093
2010-05-20,0.001550000011920929
2010-05-21,0.0015000000596046448
2010-05-24,0.0015000000596046448
2010-05-25,0.001599999964237213
2010-05-26,0.001599999964237213
2010-05-27,0.001599999964237213
2010-05-28,0.0015000000596046448
2010-06-01,0.0014499999582767487
2010-06-02,0.0014499999582767487
2010-06-03,0.0012999999523162842
2010-06-04,0.0011999999731779098
2010-06-07,0.0010499999672174453
2010-06-08,0.0010999999940395355
2010-06-09,0.000949999988079071
2010-06-10,0.0008500000089406968
2010-06-11,0.0007000000029802323
2010-06-14,0.0005499999970197678
2010-06-15,0.0007999999821186065
2010-06-16,0.0009000000357627869
2010-06-17,0.0009000000357627869
2010-06-18,0.000949999988079071
2010-06-21,0.0010499999672174453
2010-06-22,0.00125
2010-06-23,0.0011999999731779098
2010-06-24,0.00125
2010-06-25,0.00125
2010-06-28,0.0013500000536441803
2010-06-29,0.001599999964237213
2010-06-30,0.0017000000178813935
2010-07-01,0.0016500000655651093
2010-07-02,0.001599999964237213
2010-07-06,0.001599999964237213
2010-07-07,0.001550000011920929
2010-07-08,0.0014499999582767487
2010-07-09,0.0014499999582767487
2010-07-12,0.0014000000059604645
2010-07-13,0.0014499999582767487
2010-07-14,0.0014499999582767487
2010-07-15,0.0014499999582767487
2010-07-16,0.0014499999582767487
2010-07-19,0.0014499999582767487
2010-07-20,0.0015000000596046448
2010-07-21,0.0015000000596046448
2010-07-22,0.0014499999582767487
2010-07-23,0.0014499999582767487
2010-07-26,0.0014499999582767487
2010-07-27,0.0015000000596046448
2010-07-28,0.0014499999582767487
2010-07-29,0.0014499999582767487
2010-07-30,0.0014000000059604645
2010-08-02,0.0014000000059604645
2010-08-03,0.0015000000596046448
2010-08-04,0.0014499999582767487
2010-08-05,0.0014000000059604645
2010-08-06,0.0014000000059604645
2010-08-09,0.0014000000059604645
2010-08-10,0.0014499999582767487
2010-08-11,0.0014499999582767487
2010-08-12,0.0015000000596046448
2010-08-13,0.0014499999582767487
2010-08-16,0.0015000000596046448
2010-08-17,0.001550000011920929
2010-08-18,0.0015000000596046448
2010-08-19,0.0014499999582767487
2010-08-20,0.0014499999582767487
2010-08-23,0.0015000000596046448
2010-08-24,0.001550000011920929
2010-08-25,0.0015000000596046448
2010-08-26,0.0014499999582767487
2010-08-27,0.0014000000059604645
2010-08-30,0.0012999999523162842
2010-08-31,0.0013500000536441803
2010-09-01,0.0012999999523162842
2010-09-02,0.00125
2010-09-03,0.00125
2010-09-07,0.0011999999731779098
2010-09-08,0.0012999999523162842
2010-09-09,0.0013500000536441803
2010-09-10,0.0013500000536441803
2010-09-13,0.0013500000536441803
2010-09-14,0.0014499999582767487
2010-09-15,0.0015000000596046448
2010-09-16,0.0015000000596046448
2010-09-17,0.0014499999582767487
2010-09-20,0.0015000000596046448
2010-09-21,0.001550000011920929
2010-09-22,0.001550000011920929
2010-09-23,0.0015000000596046448
2010-09-24,0.0014000000059604645
2010-09-27,0.0012999999523162842
2010-09-28,0.0015000000596046448
2010-09-29,0.001550000011920929
2010-09-30,0.001550000011920929
2010-10-01,0.0015000000596046448
2010-10-04,0.0014499999582767487
2010-10-05,0.0011500000208616258
2010-10-06,0.0011500000208616258
2010-10-07,0.0011500000208616258
2010-10-08,0.0011500000208616258
2010-10-12,0.0011500000208616258
2010-10-13,0.0012999999523162842
2010-10-14,0.0013500000536441803
2010-10-15,0.0013500000536441803
2010-10-18,0.0013500000536441803
2010-10-19,0.0013500000536441803
2010-10-20,0.0013500000536441803
2010-10-21,0.0011999999731779098
2010-10-22,0.0011999999731779098
2010-10-25,0.0011500000208616258
2010-10-26,0.0012999999523162842
2010-10-27,0.0012999999523162842
2010-10-28,0.00125
2010-10-29,0.0010999999940395355
2010-11-01,0.0010499999672174453
2010-11-02,0.00125
2010-11-03,0.0011999999731779098
2010-11-04,0.0011500000208616258
2010-11-05,0.0011999999731779098
2010-11-08,0.0010999999940395355
2010-11-09,0.00125
2010-11-10,0.00125
2010-11-11,0.00125
2010-11-12,0.00125
2010-11-15,0.0012999999523162842
2010-11-16,0.0013500000536441803
2010-11-17,0.0013500000536441803
2010-11-18,0.0013500000536441803
2010-11-19,0.0012999999523162842
2010-11-22,0.00125
2010-11-23,0.0014000000059604645
2010-11-24,0.0015000000596046448
2010-11-26,0.001550000011920929
2010-11-29,0.001550000011920929
2010-11-30,0.001599999964237213
2010-12-01,0.001550000011920929
2010-12-02,0.0014499999582767487
2010-12-03,0.0012999999523162842
2010-12-06,0.00125
2010-12-07,0.0014000000059604645
2010-12-08,0.0013500000536441803
2010-12-09,0.0013500000536441803
2010-12-10,0.0011500000208616258
2010-12-13,0.0011999999731779098
2010-12-14,0.0013500000536441803
2010-12-15,0.0013500000536441803
2010-12-16,0.00125
2010-12-17,0.0010499999672174453
2010-12-20,0.0010000000149011613
2010-12-21,0.0012999999523162842
2010-12-22,0.0012999999523162842
2010-12-23,0.0012999999523162842
2010-12-27,0.0011999999731779098
2010-12-28,0.0014000000059604645
2010-12-29,0.00125
2010-12-30,0.0010999999940395355
2010-12-31,0.0011500000208616258
2011-01-03,0.0011999999731779098
2011-01-04,0.0013500000536441803
2011-01-05,0.0013500000536441803
2011-01-06,0.0014000000059604645
2011-01-07,0.0013500000536441803
2011-01-10,0.0013500000536441803
2011-01-11,0.0014499999582767487
2011-01-12,0.0014499999582767487
2011-01-13,0.0014000000059604645
2011-01-14,0.0014499999582767487
2011-01-18,0.0014499999582767487
2011-01-19,0.001550000011920929
2011-01-20,0.001550000011920929
2011-01-21,0.0015000000596046448
2011-01-24,0.0015000000596046448
2011-01-25,0.0015000000596046448
2011-01-26,0.001550000011920929
2011-01-27,0.0014000000059604645
2011-01-28,0.0013500000536441803
2011-01-31,0.0014499999582767487
2011-02-01,0.0015000000596046448
2011-02-02,0.0015000000596046448
2011-02-03,0.0014499999582767487
2011-02-04,0.0014499999582767487
2011-02-07,0.0014000000059604645
2011-02-08,0.0014499999582767487
2011-02-09,0.0012999999523162842
2011-02-10,0.0010999999940395355
2011-02-11,0.0010999999940395355
2011-02-14,0.0010999999940395355
2011-02-15,0.00125
2011-02-16,0.0010999999940395355
2011-02-17,0.0009000000357627869
2011-02-18,0.0009000000357627869
2011-02-22,0.0010000000149011613
2011-02-23,0.0011500000208616258
2011-02-24,0.0011999999731779098
2011-02-25,0.00125
2011-02-28,0.0013500000536441803
2011-03-01,0.0012999999523162842
2011-03-02,0.0011999999731779098
2011-03-03,0.00125
2011-03-04,0.0010999999940395355
2011-03-07,0.0010000000149011613
2011-03-08,0.0010499999672174453
2011-03-09,0.000949999988079071
2011-03-10,0.0006499999761581421
2011-03-11,0.0007000000029802323
2011-03-14,0.0007500000298023224
2011-03-15,0.000949999988079071
2011-03-16,0.0008500000089406968
2011-03-17,0.0007000000029802323
2011-03-18,0.0006499999761581421
2011-03-21,0.0007000000029802323
2011-03-22,0.0009000000357627869
2011-03-23,0.0008500000089406968
2011-03-24,0.0007999999821186065
2011-03-25,0.0007999999821186065
2011-03-28,0.0007999999821186065
2011-03-29,0.000949999988079071
2011-03-30,0.000949999988079071
2011-03-31,0.0009000000357627869
2011-04-01,0.0005499999970197678
2011-04-04,0.00035000000149011613
2011-04-05,0.0006499999761581421
2011-04-06,0.0005000000074505806
2011-04-07,0.00035000000149011613
2011-04-08,0.00035000000149011613
2011-04-11,0.00035000000149011613
2011-04-12,0.00045000001788139346
2011-04-13,0.0005000000074505806
2011-04-14,0.0006499999761581421
2011-04-15,0.0005999999865889549
2011-04-18,0.0005499999970197678
2011-04-19,0.0005499999970197678
2011-04-20,0.0005499999970197678
2011-04-21,0.00045000001788139346
2011-04-25,0.00045000001788139346
2011-04-26,0.0005499999970197678
2011-04-27,0.0005000000074505806
2011-04-28,0.00035000000149011613
2011-04-29,0.00039999999105930326
2011-05-02,0.00029999999329447744
2011-05-03,0.0002500000037252903
2011-05-04,0.00019999999552965163
2011-05-05,9.999999776482581e-05
2011-05-06,4.999999888241291e-05
2011-05-09,4.999999888241291e-05
2011-05-10,0.0002500000037252903
2011-05-11,0.00019999999552965163
2011-05-12,0.00019999999552965163
2011-05-13,0.00019999999552965163
2011-05-16,0.00019999999552965163
2011-05-17,0.00035000000149011613
2011-05-18,0.00039999999105930326
2011-05-19,0.00039999999105930326
2011-05-20,0.00039999999105930326
2011-05-23,0.00045000001788139346
2011-05-24,0.0005000000074505806
2011-05-25,0.00045000001788139346
2011-05-26,0.00045000001788139346
2011-05-27,0.00035000000149011613
2011-05-31,0.00039999999105930326
2011-06-01,0.00039999999105930326
2011-06-02,0.00035000000149011613
2011-06-03,0.00029999999329447744
2011-06-06,0.00029999999329447744
2011-06-07,0.00039999999105930326
2011-06-08,0.00035000000149011613
2011-06-09,0.00039999999105930326
2011-06-10,0.00035000000149011613
2011-06-13,0.00039999999105930326
2011-06-14,0.0005000000074505806
2011-06-15,0.00045000001788139346
2011-06-16,0.00035000000149011613
2011-06-17,0.0002500000037252903
2011-06-20,0.00014999999664723872
2011-06-21,0.00019999999552965163
2011-06-22,9.999999776482581e-05
2011-06-23,4.999999888241291e-05
2011-06-24,9.999999776482581e-05
2011-06-27,0.00014999999664723872
2011-06-28,0.0002500000037252903
2011-06-29,0.00019999999552965163
2011-06-30,0.00014999999664723872
2011-07-01,9.999999776482581e-05
2011-07-05,9.999999776482581e-05
2011-07-06,4.999999888241291e-05
2011-07-07,0.00019999999552965163
2011-07-08,0.00019999999552965163
2011-07-11,0.00014999999664723872
2011-07-12,0.00029999999329447744
2011-07-13,4.999999888241291e-05
2011-07-14,4.999999888241291e-05
2011-07-15,4.999999888241291e-05
2011-07-18,4.999999888241291e-05
2011-07-19,0.0002500000037252903
2011-07-20,0.00019999999552965163
2011-07-21,0.00035000000149011613
2011-07-22,0.00029999999329447744
2011-07-25,0.00035000000149011613
2011-07-26,0.0006499999761581421
2011-07-27,0.0007000000029802323
2011-07-28,0.0006499999761581421
2011-07-29,0.0009000000357627869
2011-08-01,0.0007500000298023224
2011-08-02,0.0005000000074505806
2011-08-03,9.999999776482581e-05
2011-08-04,9.999999776482581e-05
2011-08-05,9.999999776482581e-05
2011-08-08,0.00014999999664723872
2011-08-09,0.00029999999329447744
2011-08-10,0.00014999999664723872
2011-08-11,9.999999776482581e-05
2011-08-12,4.999999888241291e-05
2011-08-15,4.999999888241291e-05
2011-08-16,0.00019999999552965163
2011-08-17,4.999999888241291e-05
2011-08-18,9.999999776482581e-05
2011-08-19,9.999999776482581e-05
2011-08-22,4.999999888241291e-05
2011-08-23,4.999999888241291e-05
2011-08-24,9.999999776482581e-05
2011-08-25,9.999999776482581e-05
2011-08-26,9.999999776482581e-05
2011-08-29,4.999999888241291e-05
2011-08-30,0.00014999999664723872
2011-08-31,0.00014999999664723872
2011-09-01,9.999999776482581e-05
2011-09-02,0.00014999999664723872
2011-09-06,0.00014999999664723872
2011-09-07,0.00014999999664723872
2011-09-08,9.999999776482581e-05
2011-09-09,4.999999888241291e-05
2011-09-12,4.999999888241291e-05
2011-09-13,4.999999888241291e-05
2011-09-14,4.999999888241291e-05
2011-09-15,4.999999888241291e-05
2011-09-16,4.999999888241291e-05
2011-09-19,4.999999888241291e-05
2011-09-20,4.999999888241291e-05
2011-09-21,4.999999888241291e-05
2011-09-22,4.999999888241291e-05
2011-09-23,4.999999888241291e-05
2011-09-26,4.999999888241291e-05
2011-09-27,9.999999776482581e-05
2011-09-28,9.999999776482581e-05
2011-09-29,9.999999776482581e-05
2011-09-30,9.999999776482581e-05
2011-10-03,0.00019999999552965163
2011-10-04,4.999999888241291e-05
2011-10-05,4.999999888241291e-05
2011-10-06,4.999999888241291e-05
2011-10-07,4.999999888241291e-05
2011-10-10,4.999999888241291e-05
2011-10-11,4.999999888241291e-05
2011-10-12,0.00014999999664723872
2011-10-13,0.00014999999664723872
2011-10-14,0.00014999999664723872
2011-10-17,0.00019999999552965163
2011-10-18,0.0002500000037252903
2011-10-19,0.00019999999552965163
2011-10-20,0.00014999999664723872
2011-10-21,0.00014999999664723872
2011-10-24,4.999999888241291e-05
2011-10-25,0.00014999999664723872
2011-10-26,0.00014999999664723872
2011-10-27,9.999999776482581e-05
2011-10-28,9.999999776482581e-05
2011-10-31,4.999999888241291e-05
2011-11-01,4.999999888241291e-05
2011-11-02,4.999999888241291e-05
2011-11-03,4.999999888241291e-05
2011-11-04,4.999999888241291e-05
2011-11-07,4.999999888241291e-05
2011-11-08,4.999999888241291e-05
2011-11-09,4.999999888241291e-05
2011-11-10,4.999999888241291e-05
2011-11-11,4.999999888241291e-05
2011-11-14,4.999999888241291e-05
2011-11-15,9.999999776482581e-05
2011-11-16,4.999999888241291e-05
2011-11-17,4.999999888241291e-05
2011-11-18,4.999999888241291e-05
2011-11-21,4.999999888241291e-05
2011-11-22,0.00014999999664723872
2011-11-23,0.00014999999664723872
2011-11-25,4.999999888241291e-05
2011-11-28,9.999999776482581e-05
2011-11-29,0.00014999999664723872
2011-11-30,0.00014999999664723872
2011-12-01,0.00014999999664723872
2011-12-02,0.00014999999664723872
2011-12-05,0.00014999999664723872
2011-12-06,4.999999888241291e-05
2011-12-07,4.999999888241291e-05
2011-12-08,4.999999888241291e-05
2011-12-09,4.999999888241291e-05
2011-12-12,4.999999888241291e-05
2011-12-13,4.999999888241291e-05
2011-12-14,4.999999888241291e-05
2011-12-15,4.999999888241291e-05
2011-12-16,4.999999888241291e-05
2011-12-19,4.999999888241291e-05
2011-12-20,4.999999888241291e-05
2011-12-21,4.999999888241291e-05
2011-12-22,4.999999888241291e-05
2011-12-23,4.999999888241291e-05
2011-12-27,4.999999888241291e-05
2011-12-28,4.999999888241291e-05
2011-12-29,4.999999888241291e-05
2011-12-30,4.999999888241291e-05
2012-01-03,4.999999888241291e-05
2012-01-04,9.999999776482581e-05
2012-01-05,9.999999776482581e-05
2012-01-06,0.00014999999664723872
2012-01-09,4.999999888241291e-05
2012-01-10,9.999999776482581e-05
2012-01-11,0.00014999999664723872
2012-01-12,0.00019999999552965163
2012-01-13,0.00019999999552965163
2012-01-17,0.00019999999552965163
2012-01-18,0.0002500000037252903
2012-01-19,0.00039999999105930326
2012-01-20,0.00039999999105930326
2012-01-23,0.00035000000149011613
2012-01-24,0.00035000000149011613
2012-01-25,0.00035000000149011613
2012-01-26,0.00045000001788139346
2012-01-27,0.0005000000074505806
2012-01-30,0.00045000001788139346
2012-01-31,0.0005499999970197678
2012-02-01,0.0005499999970197678
2012-02-02,0.0007500000298023224
2012-02-03,0.0007000000029802323
2012-02-06,0.0006499999761581421
2012-02-07,0.0007999999821186065
2012-02-08,0.0007500000298023224
2012-02-09,0.0008500000089406968
2012-02-10,0.0007999999821186065
2012-02-13,0.000949999988079071
2012-02-14,0.0010999999940395355
2012-02-15,0.0010499999672174453
2012-02-16,0.000949999988079071
2012-02-17,0.0007500000298023224
2012-02-21,0.0007000000029802323
2012-02-22,0.0007999999821186065
2012-02-23,0.0008500000089406968
2012-02-24,0.0009000000357627869
2012-02-27,0.0010000000149011613
2012-02-28,0.000949999988079071
2012-02-29,0.0007500000298023224
2012-03-01,0.0007000000029802323
2012-03-02,0.0005999999865889549
2012-03-05,0.0005999999865889549
2012-03-06,0.0007000000029802323
2012-03-07,0.0007500000298023224
2012-03-08,0.0007500000298023224
2012-03-09,0.0007999999821186065
2012-03-12,0.0007500000298023224
2012-03-13,0.0007999999821186065
2012-03-14,0.0007999999821186065
2012-03-15,0.0007500000298023224
2012-03-16,0.0007999999821186065
2012-03-19,0.0007500000298023224
2012-03-20,0.000949999988079071
2012-03-21,0.0008500000089406968
2012-03-22,0.0007000000029802323
2012-03-23,0.0007000000029802323
2012-03-26,0.0007000000029802323
2012-03-27,0.0007999999821186065
2012-03-28,0.0007500000298023224
2012-03-29,0.0005499999970197678
2012-03-30,0.0006499999761581421
2012-04-02,0.0005999999865889549
2012-04-03,0.0007500000298023224
2012-04-04,0.0007000000029802323
2012-04-05,0.0007000000029802323
2012-04-09,0.0007500000298023224
2012-04-10,0.0008500000089406968
2012-04-11,0.0008500000089406968
2012-04-12,0.0008500000089406968
2012-04-13,0.0007999999821186065
2012-04-16,0.0007500000298023224
2012-04-17,0.0007500000298023224
2012-04-18,0.0006499999761581421
2012-04-19,0.0006499999761581421
2012-04-20,0.0006499999761581421
2012-04-23,0.0007000000029802323
2012-04-24,0.0007999999821186065
2012-04-25,0.0008500000089406968
2012-04-26,0.0008500000089406968
2012-04-27,0.0008500000089406968
2012-04-30,0.0009000000357627869
2012-05-01,0.0008500000089406968
2012-05-02,0.0007999999821186065
2012-05-03,0.0007500000298023224
2012-05-04,0.0007000000029802323
2012-05-07,0.0007500000298023224
2012-05-08,0.0009000000357627869
2012-05-09,0.0009000000357627869
2012-05-10,0.0009000000357627869
2012-05-11,0.0009000000357627869
2012-05-14,0.0008500000089406968
2012-05-15,0.0009000000357627869
2012-05-16,0.000949999988079071
2012-05-17,0.0009000000357627869
2012-05-18,0.0007500000298023224
2012-05-21,0.0005999999865889549
2012-05-22,0.0008500000089406968
2012-05-23,0.0007999999821186065
2012-05-24,0.0009000000357627869
2012-05-25,0.0007999999821186065
2012-05-29,0.0007500000298023224
2012-05-30,0.0006499999761581421
2012-05-31,0.0005999999865889549
2012-06-01,0.0006499999761581421
2012-06-04,0.0006499999761581421
2012-06-05,0.0007999999821186065
2012-06-06,0.0007999999821186065
2012-06-07,0.0007999999821186065
2012-06-08,0.0007999999821186065
2012-06-11,0.0007500000298023224
2012-06-12,0.0009000000357627869
2012-06-13,0.0009000000357627869
2012-06-14,0.000949999988079071
2012-06-15,0.0008500000089406968
2012-06-18,0.0007500000298023224
2012-06-19,0.0009000000357627869
2012-06-20,0.0007999999821186065
2012-06-21,0.0007500000298023224
2012-06-22,0.0007500000298023224
2012-06-25,0.0007500000298023224
2012-06-26,0.000949999988079071
2012-06-27,0.0007999999821186065
2012-06-28,0.0007500000298023224
2012-06-29,0.0007999999821186065
2012-07-02,0.0007000000029802323
2012-07-03,0.0007500000298023224
2012-07-05,0.0007500000298023224
2012-07-06,0.0007000000029802323
2012-07-09,0.0007000000029802323
2012-07-10,0.0009000000357627869
2012-07-11,0.0009000000357627869
2012-07-12,0.000949999988079071
2012-07-13,0.0009000000357627869
2012-07-16,0.0008500000089406968
2012-07-17,0.000949999988079071
2012-07-18,0.0008500000089406968
2012-07-19,0.0007999999821186065
2012-07-20,0.0008500000089406968
2012-07-23,0.0009000000357627869
2012-07-24,0.000949999988079071
2012-07-25,0.000949999988079071
2012-07-26,0.0010000000149011613
2012-07-27,0.0010000000149011613
2012-07-30,0.0009000000357627869
2012-07-31,0.0010000000149011613
2012-08-01,0.0009000000357627869
2012-08-02,0.0008500000089406968
2012-08-03,0.0007500000298023224
2012-08-06,0.0007500000298023224
2012-08-07,0.0010000000149011613
2012-08-08,0.0010499999672174453
2012-08-09,0.0010999999940395355
2012-08-10,0.000949999988079071
2012-08-13,0.000949999988079071
2012-08-14,0.0010499999672174453
2012-08-15,0.0007999999821186065
2012-08-16,0.0007500000298023224
2012-08-17,0.0007999999821186065
2012-08-20,0.0008500000089406968
2012-08-21,0.0010499999672174453
2012-08-22,0.0010000000149011613
2012-08-23,0.000949999988079071
2012-08-24,0.0009000000357627869
2012-08-27,0.000949999988079071
2012-08-28,0.0010000000149011613
2012-08-29,0.000949999988079071
2012-08-30,0.0009000000357627869
2012-08-31,0.0008500000089406968
2012-09-04,0.0009000000357627869
2012-09-05,0.0010000000149011613
2012-09-06,0.0010000000149011613
2012-09-07,0.0010000000149011613
2012-09-10,0.000949999988079071
2012-09-11,0.0010000000149011613
2012-09-12,0.000949999988079071
2012-09-13,0.000949999988079071
2012-09-14,0.000949999988079071
2012-09-17,0.0009000000357627869
2012-09-18,0.0010000000149011613
2012-09-19,0.0010499999672174453
2012-09-20,0.0010499999672174453
2012-09-21,0.0010000000149011613
2012-09-24,0.000949999988079071
2012-09-25,0.0010499999672174453
2012-09-26,0.0010000000149011613
2012-09-27,0.0008500000089406968
2012-09-28,0.0009000000357627869
2012-10-01,0.0007999999821186065
2012-10-02,0.0009000000357627869
2012-10-03,0.0008500000089406968
2012-10-04,0.000949999988079071
2012-10-05,0.0010000000149011613
2012-10-08,0.000949999988079071
2012-10-09,0.000949999988079071
2012-10-10,0.000949999988079071
2012-10-11,0.000949999988079071
2012-10-12,0.0010000000149011613
2012-10-15,0.000949999988079071
2012-10-16,0.0010000000149011613
2012-10-17,0.0010499999672174453
2012-10-18,0.000949999988079071
2012-10-19,0.0009000000357627869
2012-10-22,0.0009000000357627869
2012-10-23,0.0010000000149011613
2012-10-24,0.0010499999672174453
2012-10-25,0.0010999999940395355
2012-10-26,0.0010499999672174453
2012-10-31,0.0010499999672174453
2012-11-01,0.0009000000357627869
2012-11-02,0.0009000000357627869
2012-11-05,0.0009000000357627869
2012-11-06,0.0010000000149011613
2012-11-07,0.0009000000357627869
2012-11-08,0.0008500000089406968
2012-11-09,0.0009000000357627869
2012-11-12,0.0008699999749660492
2012-11-13,0.0008500000089406968
2012-11-14,0.000949999988079071
2012-11-15,0.0007500000298023224
2012-11-16,0.0007500000298023224
2012-11-19,0.0007500000298023224
2012-11-20,0.0008500000089406968
2012-11-21,0.0009000000357627869
2012-11-23,0.0009000000357627869
2012-11-26,0.0009000000357627869
2012-11-27,0.000949999988079071
2012-11-28,0.0009200000017881393
2012-11-29,0.0007999999821186065
2012-11-30,0.0007500000298023224
2012-12-03,0.0007699999958276748
2012-12-04,0.0009000000357627869
2012-12-05,0.0009000000357627869
2012-12-06,0.0009000000357627869
2012-12-07,0.0007999999821186065
2012-12-10,0.0007500000298023224
2012-12-11,0.0007500000298023224
2012-12-12,0.0005999999865889549
2012-12-13,0.0005200000107288361
2012-12-14,0.0002500000037252903
2012-12-17,0.00021999999880790712
2012-12-18,0.0005499999970197678
2012-12-19,0.00045000001788139346
2012-12-20,0.0005000000074505806
2012-12-21,0.0005000000074505806
2012-12-24,0.0005000000074505806
2012-12-26,0.0005499999970197678
2012-12-27,0.0007000000029802323
2012-12-28,9.999999776482581e-05
2012-12-31,0.00035000000149011613
2013-01-02,0.0005499999970197678
2013-01-03,0.0006499999761581421
2013-01-04,0.0006499999761581421
2013-01-07,0.0005799999833106995
2013-01-08,0.0005999999865889549
2013-01-09,0.0005499999970197678
2013-01-10,0.0005499999970197678
2013-01-11,0.0006300000101327896
2013-01-14,0.0005999999865889549
2013-01-15,0.0007999999821186065
2013-01-16,0.0007199999690055847
2013-01-17,0.0007000000029802323
2013-01-18,0.0007000000029802323
2013-01-22,0.0005999999865889549
2013-01-23,0.0007000000029802323
2013-01-24,0.0007500000298023224
2013-01-25,0.0007000000029802323
2013-01-28,0.0005999999865889549
2013-01-29,0.0006300000101327896
2013-01-30,0.0005999999865889549
2013-01-31,0.0006499999761581421
2013-02-01,0.0005999999865889549
2013-02-04,0.0005499999970197678
2013-02-05,0.0007000000029802323
2013-02-06,0.0006499999761581421
2013-02-07,0.0006499999761581421
2013-02-08,0.0006499999761581421
2013-02-11,0.0006499999761581421
2013-02-12,0.0008299999684095383
2013-02-13,0.0008500000089406968
2013-02-14,0.000949999988079071
2013-02-15,0.000949999988079071
2013-02-19,0.0010000000149011613
2013-02-20,0.0011500000208616258
2013-02-21,0.0011999999731779098
2013-02-22,0.0011999999731779098
2013-02-25,0.0011500000208616258
2013-02-26,0.0010999999940395355
2013-02-27,0.0010000000149011613
2013-02-28,0.0010000000149011613
2013-03-01,0.0010000000149011613
2013-03-04,0.0008500000089406968
2013-03-05,0.0008500000089406968
2013-03-06,0.0009200000017881393
2013-03-07,0.0009000000357627869
2013-03-08,0.0008699999749660492
2013-03-11,0.0008699999749660492
2013-03-12,0.0009200000017881393
2013-03-13,0.0008500000089406968
2013-03-14,0.0009000000357627869
2013-03-15,0.0008299999684095383
2013-03-18,0.0007199999690055847
2013-03-19,0.0007000000029802323
2013-03-20,0.0006300000101327896
2013-03-21,0.0005999999865889549
2013-03-22,0.0006499999761581421
2013-03-25,0.0005799999833106995
2013-03-26,0.0007199999690055847
2013-03-27,0.0007999999821186065
2013-03-28,0.0006499999761581421
2013-04-01,0.0006499999761581421
2013-04-02,0.0006800000369548797
2013-04-03,0.0005499999970197678
2013-04-04,0.0006499999761581421
2013-04-05,0.0005999999865889549
2013-04-08,0.0005499999970197678
2013-04-09,0.0006300000101327896
2013-04-10,0.0006499999761581421
2013-04-11,0.0006300000101327896
2013-04-12,0.0005499999970197678
2013-04-15,0.0005499999970197678
2013-04-16,0.0005200000107288361
2013-04-17,0.0005000000074505806
2013-04-18,0.0005000000074505806
2013-04-19,0.00045000001788139346
2013-04-22,0.00045000001788139346
2013-04-23,0.00045000001788139346
2013-04-24,0.00048000000417232515
2013-04-25,0.0005000000074505806
2013-04-26,0.00045000001788139346
2013-04-29,0.00045000001788139346
2013-04-30,0.00045000001788139346
2013-05-01,0.0005000000074505806
2013-05-02,0.0005000000074505806
2013-05-03,0.00045000001788139346
2013-05-06,0.00029999999329447744
2013-05-07,0.00035000000149011613
2013-05-08,0.00035000000149011613
2013-05-09,0.00035000000149011613
2013-05-10,0.00035000000149011613
2013-05-13,0.00035000000149011613
2013-05-14,0.00039999999105930326
2013-05-15,0.00037000000476837156
2013-05-16,0.0002500000037252903
2013-05-17,0.00029999999329447744
2013-05-20,0.00035000000149011613
2013-05-21,0.00039999999105930326
2013-05-22,0.00035000000149011613
2013-05-23,0.00039999999105930326
2013-05-24,0.00037000000476837156
2013-05-28,0.00035000000149011613
2013-05-29,0.00039999999105930326
2013-05-30,0.0002500000037252903
2013-05-31,0.00029999999329447744
2013-06-03,0.00029999999329447744
2013-06-04,0.00039999999105930326
2013-06-05,0.00045000001788139346
2013-06-06,0.00045000001788139346
2013-06-07,0.00039999999105930326
2013-06-10,0.00039999999105930326
2013-06-11,0.00045000001788139346
2013-06-12,0.00039999999105930326
2013-06-13,0.00043000001460313797
2013-06-14,0.00039999999105930326
2013-06-17,0.00039999999105930326
2013-06-18,0.00045000001788139346
2013-06-19,0.00039999999105930326
2013-06-20,0.00039999999105930326
2013-06-21,0.00039999999105930326
2013-06-24,0.00039999999105930326
2013-06-25,0.0005799999833106995
2013-06-26,0.0005499999970197678
2013-06-27,0.00045000001788139346
2013-06-28,0.00029999999329447744
2013-07-01,9.999999776482581e-05
2013-07-02,0.00035000000149011613
2013-07-03,0.00035000000149011613
2013-07-05,0.00035000000149011613
2013-07-08,0.00035000000149011613
2013-07-09,0.00035000000149011613
2013-07-10,0.00029999999329447744
2013-07-11,0.00029999999329447744
2013-07-12,0.00029999999329447744
2013-07-15,0.00019999999552965163
2013-07-16,0.00035000000149011613
2013-07-17,0.0002500000037252903
2013-07-18,0.00021999999880790712
2013-07-19,0.00019999999552965163
2013-07-22,4.999999888241291e-05
2013-07-23,0.00019999999552965163
2013-07-24,0.00019999999552965163
2013-07-25,0.00014999999664723872
2013-07-26,0.00014999999664723872
2013-07-29,0.00019999999552965163
2013-07-30,0.00029999999329447744
2013-07-31,0.00029999999329447744
2013-08-01,0.00035000000149011613
2013-08-02,0.00029999999329447744
2013-08-05,0.00035000000149011613
2013-08-06,0.00039999999105930326
2013-08-07,0.00039999999105930326
2013-08-08,0.00045000001788139346
2013-08-09,0.00048000000417232515
2013-08-12,0.00048000000417232515
2013-08-13,0.0005200000107288361
2013-08-14,0.0005000000074505806
2013-08-15,0.00045000001788139346
2013-08-16,0.00039999999105930326
2013-08-19,0.00039999999105930326
2013-08-20,0.00045000001788139346
2013-08-21,0.00032999999821186065
2013-08-22,0.00019999999552965163
2013-08-23,0.00021999999880790712
2013-08-26,0.00013000000268220902
2013-08-27,0.00032999999821186065
2013-08-28,0.00029999999329447744
2013-08-29,0.00019999999552965163
2013-08-30,0.00019999999552965163
2013-09-03,0.00014999999664723872
2013-09-04,0.00014999999664723872
2013-09-05,0.00014999999664723872
2013-09-06,0.00014999999664723872
2013-09-09,9.999999776482581e-05
2013-09-10,0.00014999999664723872
2013-09-11,0.00014999999664723872
2013-09-12,9.999999776482581e-05
2013-09-13,9.999999776482581e-05
2013-09-16,3.0000000260770322e-05
2013-09-17,4.999999888241291e-05
2013-09-18,4.999999888241291e-05
2013-09-19,4.999999888241291e-05
2013-09-20,4.999999888241291e-05
2013-09-23,4.999999888241291e-05
2013-09-24,0.00014999999664723872
2013-09-25,0.00014999999664723872
2013-09-26,3.0000000260770322e-05
2013-09-27,4.999999888241291e-05
2013-09-30,4.999999888241291e-05
2013-10-01,0.00013000000268220902
2013-10-02,9.999999776482581e-05
2013-10-03,0.00019999999552965163
2013-10-04,0.00017999999225139617
2013-10-07,0.00017999999225139617
2013-10-08,0.00045000001788139346
2013-10-09,0.00037000000476837156
2013-10-10,0.00039999999105930326
2013-10-11,0.0006300000101327896
2013-10-14,0.0005799999833106995
2013-10-15,0.0009200000017881393
2013-10-16,0.0009200000017881393
2013-10-17,0.00037000000476837156
2013-10-18,0.0002500000037252903
2013-10-21,0.0002500000037252903
2013-10-22,0.00032999999821186065
2013-10-23,0.00029999999329447744
2013-10-24,0.00029999999329447744
2013-10-25,0.00029999999329447744
2013-10-28,0.00019999999552965163
2013-10-29,0.00039999999105930326
2013-10-30,0.00035000000149011613
2013-10-31,0.00032999999821186065
2013-11-01,0.00032999999821186065
2013-11-04,0.00032999999821186065
2013-11-05,0.00045000001788139346
2013-11-06,0.00045000001788139346
2013-11-07,0.00048000000417232515
2013-11-08,0.0005200000107288361
2013-11-11,0.0005200000107288361
2013-11-12,0.0005799999833106995
2013-11-13,0.0007000000029802323
2013-11-14,0.0006800000369548797
2013-11-15,0.0007000000029802323
2013-11-18,0.0006499999761581421
2013-11-19,0.0007999999821186065
2013-11-20,0.0007699999958276748
2013-11-21,0.0007000000029802323
2013-11-22,0.0006499999761581421
2013-11-25,0.0005999999865889549
2013-11-26,0.0006800000369548797
2013-11-27,0.0006300000101327896
2013-11-29,0.0005499999970197678
2013-12-02,0.0005000000074505806
2013-12-03,0.00035000000149011613
2013-12-04,0.0005200000107288361
2013-12-05,0.00048000000417232515
2013-12-06,0.0005200000107288361
2013-12-09,0.0005200000107288361
2013-12-10,0.0007000000029802323
2013-12-11,0.0006800000369548797
2013-12-12,0.0006300000101327896
2013-12-13,0.0005999999865889549
2013-12-16,0.0005799999833106995
2013-12-17,0.0006300000101327896
2013-12-18,0.0005999999865889549
2013-12-19,0.0005799999833106995
2013-12-20,0.0005499999970197678
2013-12-23,0.0005799999833106995
2013-12-24,0.0006800000369548797
2013-12-26,0.0005999999865889549
2013-12-27,0.0005799999833106995
2013-12-30,0.0005499999970197678
2013-12-31,0.0006300000101327896
2014-01-02,0.0005799999833106995
2014-01-03,0.0005799999833106995
2014-01-06,0.00045000001788139346
2014-01-07,0.00043000001460313797
2014-01-08,0.00039999999105930326
2014-01-09,0.00032999999821186065
2014-01-10,0.00032999999821186065
2014-01-13,0.00029999999329447744
2014-01-14,0.00032999999821186065
2014-01-15,0.00035000000149011613
2014-01-16,0.00029999999329447744
2014-01-17,0.00029999999329447744
2014-01-21,0.00028000000864267347
2014-01-22,0.00029999999329447744
2014-01-23,0.00029999999329447744
2014-01-24,0.00032999999821186065
2014-01-27,0.00048000000417232515
2014-01-28,0.00045000001788139346
2014-01-29,0.00039999999105930326
2014-01-30,0.00014999999664723872
2014-01-31,9.999999776482581e-05
2014-02-03,0.00019999999552965163
2014-02-04,0.0005499999970197678
2014-02-05,0.0005499999970197678
2014-02-06,0.0005999999865889549
2014-02-07,0.0007199999690055847
2014-02-10,0.0005499999970197678
2014-02-11,0.00045000001788139346
2014-02-12,0.00043000001460313797
2014-02-13,0.0002500000037252903
2014-02-14,9.999999776482581e-05
2014-02-18,0.00014999999664723872
2014-02-19,0.00045000001788139346
2014-02-20,0.00039999999105930326
2014-02-21,0.00035000000149011613
2014-02-24,0.00032999999821186065
2014-02-25,0.00039999999105930326
2014-02-26,0.00039999999105930326
2014-02-27,0.00035000000149011613
2014-02-28,0.00043000001460313797
2014-03-03,0.00043000001460313797
2014-03-04,0.00048000000417232515
2014-03-05,0.0005000000074505806
2014-03-06,0.00045000001788139346
2014-03-07,0.00045000001788139346
2014-03-10,0.00039999999105930326
2014-03-11,0.00045000001788139346
2014-03-12,0.00039999999105930326
2014-03-13,0.00039999999105930326
2014-03-14,0.00039999999105930326
2014-03-17,0.00043000001460313797
2014-03-18,0.0005000000074505806
2014-03-19,0.0005000000074505806
2014-03-20,0.0005200000107288361
2014-03-21,0.00045000001788139346
2014-03-24,0.00043000001460313797
2014-03-25,0.00045000001788139346
2014-03-26,0.00037000000476837156
2014-03-27,0.00032999999821186065
2014-03-28,0.00032999999821186065
2014-03-31,0.00028000000864267347
2014-04-01,0.00029999999329447744
2014-04-02,0.00017999999225139617
2014-04-03,0.00014999999664723872
2014-04-04,0.00019999999552965163
2014-04-07,0.00019999999552965163
2014-04-08,0.0002500000037252903
2014-04-09,0.00028000000864267347
2014-04-10,0.00028000000864267347
2014-04-11,0.00029999999329447744
2014-04-14,0.00029999999329447744
2014-04-15,0.00029999999329447744
2014-04-16,0.0002500000037252903
2014-04-17,0.0002500000037252903
2014-04-21,0.0002500000037252903
2014-04-22,0.0002500000037252903
2014-04-23,0.00014999999664723872
2014-04-24,7.000000216066837e-05
2014-04-25,7.000000216066837e-05
2014-04-28,3.0000000260770322e-05
2014-04-29,0.00014999999664723872
2014-04-30,0.00019999999552965163
2014-05-01,0.00017999999225139617
2014-05-02,0.00014999999664723872
2014-05-05,0.00014999999664723872
2014-05-06,0.00019999999552965163
2014-05-07,0.00019999999552965163
2014-05-08,0.00021999999880790712
2014-05-09,0.00021999999880790712
2014-05-12,0.00019999999552965163
2014-05-13,0.00019999999552965163
2014-05-14,0.00019999999552965163
2014-05-15,0.00017999999225139617
2014-05-16,0.00014999999664723872
2014-05-19,0.00017999999225139617
2014-05-20,0.0002500000037252903
2014-05-21,0.0002500000037252903
2014-05-22,0.00028000000864267347
2014-05-23,0.00028000000864267347
2014-05-27,0.00028000000864267347
2014-05-28,0.00028000000864267347
2014-05-29,0.00029999999329447744
2014-05-30,0.00029999999329447744
2014-06-02,0.0002500000037252903
2014-06-03,0.00029999999329447744
2014-06-04,0.00029999999329447744
2014-06-05,0.00029999999329447744
2014-06-06,0.00028000000864267347
2014-06-09,0.00029999999329447744
2014-06-10,0.00035000000149011613
2014-06-11,0.00032999999821186065
2014-06-12,0.00032999999821186065
2014-06-13,0.00029999999329447744
2014-06-16,0.0002500000037252903
2014-06-17,0.00032999999821186065
2014-06-18,0.00017999999225139617
2014-06-19,9.999999776482581e-05
2014-06-20,9.999999776482581e-05
2014-06-23,4.999999888241291e-05
2014-06-24,0.00021999999880790712
2014-06-25,0.00019999999552965163
2014-06-26,0.0002500000037252903
2014-06-27,0.00017999999225139617
2014-06-30,0.00019999999552965163
2014-07-01,0.0002500000037252903
2014-07-02,7.000000216066837e-05
2014-07-03,3.0000000260770322e-05
2014-07-07,7.000000216066837e-05
2014-07-08,0.0002500000037252903
2014-07-09,0.00014999999664723872
2014-07-10,0.00014999999664723872
2014-07-11,0.00014999999664723872
2014-07-14,0.00014999999664723872
2014-07-15,0.00019999999552965163
2014-07-16,0.00017999999225139617
2014-07-17,7.000000216066837e-05
2014-07-18,9.999999776482581e-05
2014-07-21,0.00013000000268220902
2014-07-22,0.00019999999552965163
2014-07-23,0.00019999999552965163
2014-07-24,0.00019999999552965163
2014-07-25,0.00019999999552965163
2014-07-28,0.0002500000037252903
2014-07-29,0.00028000000864267347
2014-07-30,0.00028000000864267347
2014-07-31,0.00017999999225139617
2014-08-01,0.00017999999225139617
2014-08-04,0.00014999999664723872
2014-08-05,0.0002500000037252903
2014-08-06,0.00019999999552965163
2014-08-07,0.00019999999552965163
2014-08-08,0.00019999999552965163
2014-08-11,0.0002500000037252903
2014-08-12,0.0002500000037252903
2014-08-13,0.00029999999329447744
2014-08-14,0.00028000000864267347
2014-08-15,0.00021999999880790712
2014-08-18,0.00021999999880790712
2014-08-19,0.0002500000037252903
2014-08-20,0.0002500000037252903
2014-08-21,0.00014999999664723872
2014-08-22,0.00014999999664723872
2014-08-25,0.00014999999664723872
2014-08-26,0.0002500000037252903
2014-08-27,0.0002500000037252903
2014-08-28,0.00021999999880790712
2014-08-29,0.00017999999225139617
2014-09-02,0.00019999999552965163
2014-09-03,0.00019999999552965163
2014-09-04,0.00019999999552965163
2014-09-05,0.00019999999552965163
2014-09-08,0.00019999999552965163
2014-09-09,0.00014999999664723872
2014-09-10,0.00014999999664723872
2014-09-11,9.999999776482581e-05
2014-09-12,9.999999776482581e-05
2014-09-15,9.999999776482581e-05
2014-09-16,0.00014999999664723872
2014-09-17,0.00013000000268220902
2014-09-18,9.999999776482581e-05
2014-09-19,7.000000216066837e-05
2014-09-22,3.0000000260770322e-05
2014-09-23,7.000000216066837e-05
2014-09-24,7.000000216066837e-05
2014-09-25,4.999999888241291e-05
2014-09-26,4.999999888241291e-05
2014-09-29,4.999999888241291e-05
2014-09-30,0.00013000000268220902
2014-10-01,0.00013000000268220902
2014-10-02,9.999999776482581e-05
2014-10-03,9.999999776482581e-05
2014-10-06,9.999999776482581e-05
2014-10-07,9.999999776482581e-05
2014-10-08,4.999999888241291e-05
2014-10-09,4.999999888241291e-05
2014-10-10,4.999999888241291e-05
2014-10-13,4.999999888241291e-05
2014-10-14,4.999999888241291e-05
2014-10-15,9.999999776482581e-05
2014-10-16,0.00019999999552965163
2014-10-17,0.00021999999880790712
2014-10-20,0.00019999999552965163
2014-10-21,0.00017999999225139617
2014-10-22,0.00014999999664723872
2014-10-23,0.00014999999664723872
2014-10-24,4.999999888241291e-05
2014-10-27,4.999999888241291e-05
2014-10-28,0.00014999999664723872
2014-10-29,0.00014999999664723872
2014-10-30,3.0000000260770322e-05
2014-10-31,3.0000000260770322e-05
2014-11-03,3.0000000260770322e-05
2014-11-04,0.00021999999880790712
2014-11-05,0.00019999999552965163
2014-11-06,0.00017999999225139617
2014-11-07,0.00017999999225139617
2014-11-10,0.00014999999664723872
2014-11-11,0.00014999999664723872
2014-11-12,0.00013000000268220902
2014-11-13,4.999999888241291e-05
2014-11-14,3.0000000260770322e-05
2014-11-17,9.999999776482581e-05
2014-11-18,0.00014999999664723872
2014-11-19,0.00014999999664723872
2014-11-20,0.00014999999664723872
2014-11-21,3.0000000260770322e-05
2014-11-24,4.999999888241291e-05
2014-11-25,0.00017999999225139617
2014-11-26,9.999999776482581e-05
2014-11-28,4.999999888241291e-05
2014-12-01,7.000000216066837e-05
2014-12-02,0.00014999999664723872
2014-12-03,4.999999888241291e-05
2014-12-04,0.00013000000268220902
2014-12-05,9.999999776482581e-05
2014-12-08,4.999999888241291e-05
2014-12-09,0.00028000000864267347
2014-12-10,0.0002500000037252903
2014-12-11,0.00021999999880790712
2014-12-12,0.00014999999664723872
2014-12-15,9.999999776482581e-05
2014-12-16,0.00029999999329447744
2014-12-17,0.00019999999552965163
2014-12-18,0.00032999999821186065
2014-12-19,0.0002500000037252903
2014-12-22,0.00014999999664723872
2014-12-23,0.00019999999552965163
2014-12-24,0.00019999999552965163
2014-12-26,9.999999776482581e-05
2014-12-29,3.0000000260770322e-05
2014-12-30,0.00019999999552965163
2014-12-31,0.00037000000476837156
2015-01-02,0.00014999999664723872
2015-01-05,3.0000000260770322e-05
2015-01-06,0.00019999999552965163
2015-01-07,0.00019999999552965163
2015-01-08,0.00017999999225139617
2015-01-09,0.00014999999664723872
2015-01-12,0.00013000000268220902
2015-01-13,0.00023000000044703483
2015-01-14,0.0002500000037252903
2015-01-15,0.00023000000044703483
2015-01-16,0.00017999999225139617
2015-01-20,8.000000379979611e-05
2015-01-21,0.00019999999552965163
2015-01-22,0.00014999999664723872
2015-01-23,0.00013000000268220902
2015-01-26,4.999999888241291e-05
2015-01-27,0.00017999999225139617
2015-01-28,0.00014999999664723872
2015-01-29,9.999999776482581e-05
2015-01-30,4.999999888241291e-05
2015-02-02,4.999999888241291e-05
2015-02-03,0.00014999999664723872
2015-02-04,4.999999888241291e-05
2015-02-05,8.000000379979611e-05
2015-02-06,0.00014999999664723872
2015-02-09,3.0000000260770322e-05
2015-02-10,4.999999888241291e-05
2015-02-11,4.999999888241291e-05
2015-02-12,8.000000379979611e-05
2015-02-13,4.999999888241291e-05
2015-02-17,8.000000379979611e-05
2015-02-18,0.00013000000268220902
2015-02-19,0.00013000000268220902
2015-02-20,9.999999776482581e-05
2015-02-23,0.00014999999664723872
2015-02-24,0.00017999999225139617
2015-02-25,0.00014999999664723872
2015-02-26,0.00013000000268220902
2015-02-27,8.000000379979611e-05
2015-03-02,4.999999888241291e-05
2015-03-03,0.00013000000268220902
2015-03-04,9.999999776482581e-05
2015-03-05,3.0000000260770322e-05
2015-03-06,4.999999888241291e-05
2015-03-09,4.999999888241291e-05
2015-03-10,9.999999776482581e-05
2015-03-11,0.00013000000268220902
2015-03-12,0.00017999999225139617
2015-03-13,0.00023000000044703483
2015-03-16,0.00029999999329447744
2015-03-17,0.00048000000417232515
2015-03-18,0.0003799999877810478
2015-03-19,9.999999776482581e-05
2015-03-20,3.0000000260770322e-05
2015-03-23,3.0000000260770322e-05
2015-03-24,0.00014999999664723872
2015-03-25,0.00017999999225139617
2015-03-26,0.00028000000864267347
2015-03-27,0.00029999999329447744
2015-03-30,0.00023000000044703483
2015-03-31,0.0002500000037252903
2015-04-01,0.00032999999821186065
2015-04-02,9.999999776482581e-05
2015-04-06,3.0000000260770322e-05
2015-04-07,0.00014999999664723872
2015-04-08,0.00017999999225139617
2015-04-09,0.00019999999552965163
2015-04-10,0.00014999999664723872
2015-04-13,4.999999888241291e-05
2015-04-14,9.999999776482581e-05
2015-04-15,0.00014999999664723872
2015-04-16,9.999999776482581e-05
2015-04-17,0.00013000000268220902
2015-04-20,0.00013000000268220902
2015-04-21,0.00019999999552965163
2015-04-22,0.00019999999552965163
2015-04-23,0.00019999999552965163
2015-04-24,0.00014999999664723872
2015-04-27,0.00013000000268220902
2015-04-28,0.00013000000268220902
2015-04-29,3.0000000260770322e-05
2015-04-30,4.999999888241291e-05
2015-05-01,3.0000000260770322e-05
2015-05-04,3.0000000260770322e-05
2015-05-05,8.000000379979611e-05
2015-05-06,9.999999776482581e-05
2015-05-07,4.999999888241291e-05
2015-05-08,3.0000000260770322e-05
2015-05-11,4.999999888241291e-05
2015-05-12,0.00013000000268220902
2015-05-13,9.999999776482581e-05
2015-05-14,9.999999776482581e-05
2015-05-15,9.999999776482581e-05
2015-05-18,8.000000379979611e-05
2015-05-19,9.999999776482581e-05
2015-05-20,0.00013000000268220902
2015-05-21,0.00013000000268220902
2015-05-22,9.999999776482581e-05
2015-05-26,9.999999776482581e-05
2015-05-27,0.00013000000268220902
2015-05-28,3.0000000260770322e-05
2015-05-29,3.0000000260770322e-05
2015-06-01,8.000000379979611e-05
2015-06-02,9.999999776482581e-05
2015-06-03,9.999999776482581e-05
2015-06-04,4.999999888241291e-05
2015-06-05,9.999999776482581e-05
2015-06-08,9.999999776482581e-05
2015-06-09,0.00013000000268220902
2015-06-10,0.00013000000268220902
2015-06-11,8.000000379979611e-05
2015-06-12,4.999999888241291e-05
2015-06-15,3.0000000260770322e-05
2015-06-16,8.000000379979611e-05
2015-06-17,3.0000000260770322e-05
2015-06-18,3.0000000260770322e-05
2015-06-19,3.0000000260770322e-05
2015-06-22,3.0000000260770322e-05
2015-06-23,8.000000379979611e-05
2015-06-24,4.999999888241291e-05
2015-06-25,4.999999888241291e-05
2015-06-26,4.999999888241291e-05
2015-06-29,4.999999888241291e-05
2015-06-30,9.999999776482581e-05
2015-07-01,3.0000000260770322e-05
2015-07-02,3.0000000260770322e-05
2015-07-06,4.999999888241291e-05
2015-07-07,9.999999776482581e-05
2015-07-08,9.999999776482581e-05
2015-07-09,8.000000379979611e-05
2015-07-10,8.000000379979611e-05
2015-07-13,8.000000379979611e-05
2015-07-14,9.999999776482581e-05
2015-07-15,0.00013000000268220902
2015-07-16,9.999999776482581e-05
2015-07-17,0.00013000000268220902
2015-07-20,0.00023000000044703483
2015-07-21,0.00029999999329447744
2015-07-22,0.00029999999329447744
2015-07-23,0.00029999999329447744
2015-07-24,0.00029999999329447744
2015-07-27,0.00028000000864267347
2015-07-28,0.00043000001460313797
2015-07-29,0.00045000001788139346
2015-07-30,0.0005999999865889549
2015-07-31,0.0005799999833106995
2015-08-03,0.0006300000101327896
2015-08-04,0.0007500000298023224
2015-08-05,0.0007500000298023224
2015-08-06,0.00028000000864267347
2015-08-07,0.0005499999970197678
2015-08-10,0.0006499999761581421
2015-08-11,0.0009799999743700027
2015-08-12,0.0009000000357627869
2015-08-13,0.0008299999684095383
2015-08-14,0.0007999999821186065
2015-08-17,0.0005999999865889549
2015-08-18,0.0008500000089406968
2015-08-19,0.00039999999105930326
2015-08-20,0.00014999999664723872
2015-08-21,0.00019999999552965163
2015-08-24,0.00014999999664723872
2015-08-25,0.0005299999937415123
2015-08-26,0.0005499999970197678
2015-08-27,0.0005000000074505806
2015-08-28,0.0005000000074505806
2015-08-31,3.0000000260770322e-05
2015-09-01,0.0003799999877810478
2015-09-02,0.0002500000037252903
2015-09-03,0.00014999999664723872
2015-09-04,0.0002500000037252903
2015-09-08,0.0002500000037252903
2015-09-09,0.00035000000149011613
2015-09-10,0.00014999999664723872
2015-09-11,0.00023000000044703483
2015-09-14,0.0002500000037252903
2015-09-15,0.0005799999833106995
2015-09-16,0.0005299999937415123
2015-09-17,3.0000000260770322e-05
2015-09-18,9.999999776482581e-05
2015-09-21,0.00013000000268220902
2015-09-22,3.0000000260770322e-05
2015-09-23,3.0000000260770322e-05
2015-09-24,4.999999888241291e-05
2015-09-25,0.00019999999552965163
2015-09-28,0.00013000000268220902
2015-09-29,3.0000000260770322e-05
2015-09-30,4.999999888241291e-05
2015-10-01,0.00017999999225139617
2015-10-02,8.000000379979611e-05
2015-10-05,8.000000379979611e-05
2015-10-06,4.999999888241291e-05
2015-10-07,4.999999888241291e-05
2015-10-08,3.0000000260770322e-05
2015-10-09,3.0000000260770322e-05
2015-10-12,9.999999776482581e-05
2015-10-13,4.999999888241291e-05
2015-10-14,9.999999776482581e-05
2015-10-15,4.999999888241291e-05
2015-10-16,4.999999888241291e-05
2015-10-19,4.999999888241291e-05
2015-10-20,9.999999776482581e-05
2015-10-21,4.999999888241291e-05
2015-10-22,4.999999888241291e-05
2015-10-23,3.0000000260770322e-05
2015-10-26,8.000000379979611e-05
2015-10-27,9.999999776482581e-05
2015-10-28,0.00035000000149011613
2015-10-29,0.0005299999937415123
2015-10-30,0.0006800000369548797
2015-11-02,0.0005299999937415123
2015-11-03,0.0005799999833106995
2015-11-04,0.0005499999970197678
2015-11-05,0.00039999999105930326
2015-11-06,0.000729999989271164
2015-11-09,0.0007500000298023224
2015-11-10,0.00125
2015-11-11,0.0012300000339746475
2015-11-12,0.0012300000339746475
2015-11-13,0.0011299999803304672
2015-11-16,0.0009799999743700027
2015-11-17,0.0013500000536441803
2015-11-18,0.0012300000339746475
2015-11-19,0.0008799999952316285
2015-11-20,0.0009300000220537186
2015-11-23,0.0010499999672174453
2015-11-24,0.0015299999713897705
2015-11-25,0.0017499999701976775
2015-11-27,0.001599999964237213
2015-11-30,0.0017000000178813935
2015-12-01,0.002029999941587448
2015-12-02,0.0020000000298023225
2015-12-03,0.0019799999892711638
2015-12-04,0.0020499999821186068
2015-12-07,0.0023499999940395353
2015-12-08,0.0026800000667572023
2015-12-09,0.002450000047683716
2015-12-10,0.0023000000417232516
2015-12-11,0.0021299999952316285
2015-12-14,0.0019799999892711638
2015-12-15,0.0025
2015-12-16,0.0023499999940395353
2015-12-17,0.0021299999952316285
2015-12-18,0.0017499999701976775
2015-12-21,0.0015299999713897705
2015-12-22,0.0019300000369548798
2015-12-23,0.001899999976158142
2015-12-24,0.0018299999833106995
2015-12-28,0.001899999976158142
2015-12-29,0.002150000035762787
2015-12-30,0.0019499999284744263
2015-12-31,0.0014800000190734863
2016-01-04,0.001550000011920929
2016-01-05,0.0020499999821186068
2016-01-06,0.0020499999821186068
2016-01-07,0.001899999976158142
2016-01-08,0.001899999976158142
2016-01-11,0.0017499999701976775
2016-01-12,0.0020999999344348905
2016-01-13,0.002150000035762787
2016-01-14,0.0023999999463558195
2016-01-15,0.0022300000488758086
2016-01-19,0.0023000000417232516
2016-01-20,0.002529999911785126
2016-01-21,0.0027300000190734865
2016-01-22,0.0028799998760223387
2016-01-25,0.002750000059604645
2016-01-26,0.0030000001192092896
2016-01-27,0.0030000001192092896
2016-01-28,0.0031799998879432677
2016-01-29,0.0030000001192092896
2016-02-01,0.0029499998688697817
2016-02-02,0.0033000001311302186
2016-02-03,0.003330000042915344
2016-02-04,0.0028299999237060545
2016-02-05,0.0027799999713897707
2016-02-08,0.0025999999046325685
2016-02-09,0.0030000001192092896
2016-02-10,0.0029800000786781313
2016-02-11,0.0027300000190734865
2016-02-12,0.0027000001072883606
2016-02-16,0.0027300000190734865
2016-02-17,0.002930000126361847
2016-02-18,0.0028799998760223387
2016-02-19,0.0028299999237060545
2016-02-22,0.002930000126361847
2016-02-23,0.0031799998879432677
2016-02-24,0.0031499999761581423
2016-02-25,0.003100000023841858
2016-02-26,0.003030000030994415
2016-02-29,0.0030799999833106993
2016-03-01,0.003199999928474426
2016-03-02,0.003030000030994415
2016-03-03,0.002630000114440918
2016-03-04,0.0026499998569488527
2016-03-07,0.0026499998569488527
2016-03-08,0.003050000071525574
2016-03-09,0.0028799998760223387
2016-03-10,0.003030000030994415
2016-03-11,0.0030799999833106993
2016-03-14,0.0030799999833106993
2016-03-15,0.0032499998807907103
2016-03-16,0.0030000001192092896
2016-03-17,0.002750000059604645
2016-03-18,0.002800000011920929
2016-03-21,0.0028799998760223387
2016-03-22,0.0029499998688697817
2016-03-23,0.002930000126361847
2016-03-24,0.002750000059604645
2016-03-28,0.0025499999523162843
2016-03-29,0.0022499999403953553
2016-03-30,0.0018500000238418578
2016-03-31,0.0019300000369548798
2016-04-01,0.0021799999475479127
2016-04-04,0.0018299999833106995
2016-04-05,0.0021799999475479127
2016-04-06,0.002199999988079071
2016-04-07,0.002199999988079071
2016-04-08,0.0021799999475479127
2016-04-11,0.0020999999344348905
2016-04-12,0.0023000000417232516
2016-04-13,0.0022300000488758086
2016-04-14,0.002150000035762787
2016-04-15,0.0020999999344348905
2016-04-18,0.0019799999892711638
2016-04-19,0.002150000035762787
2016-04-20,0.0021799999475479127
2016-04-21,0.0022499999403953553
2016-04-22,0.0022499999403953553
2016-04-25,0.0023800000548362733
2016-04-26,0.002450000047683716
2016-04-27,0.002450000047683716
2016-04-28,0.0020999999344348905
2016-04-29,0.0019300000369548798
2016-05-02,0.0018500000238418578
2016-05-03,0.002029999941587448
2016-05-04,0.0019799999892711638
2016-05-05,0.0018299999833106995
2016-05-06,0.0018000000715255738
2016-05-09,0.002029999941587448
2016-05-10,0.0024300000071525575
2016-05-11,0.0024799999594688417
2016-05-12,0.0025799998641014097
2016-05-13,0.0025799998641014097
2016-05-16,0.0025799998641014097
2016-05-17,0.0026800000667572023
2016-05-18,0.0027000001072883606
2016-05-19,0.0028999999165534975
2016-05-20,0.0029800000786781313
2016-05-23,0.0031299999356269835
2016-05-24,0.0034299999475479125
2016-05-25,0.0031499999761581423
2016-05-26,0.002750000059604645
2016-05-27,0.0029800000786781313
2016-05-31,0.0028299999237060545
2016-06-01,0.0029499998688697817
2016-06-02,0.0027000001072883606
2016-06-03,0.0027000001072883606
2016-06-06,0.0025
2016-06-07,0.0026499998569488527
2016-06-08,0.0023499999940395353
2016-06-09,0.0023999999463558195
2016-06-10,0.0023999999463558195
2016-06-13,0.002450000047683716
2016-06-14,0.002630000114440918
2016-06-15,0.0025499999523162843
2016-06-16,0.002450000047683716
2016-06-17,0.0024799999594688417
2016-06-20,0.0024799999594688417
2016-06-21,0.0026499998569488527
2016-06-22,0.0026800000667572023
2016-06-23,0.002750000059604645
2016-06-24,0.0023800000548362733
2016-06-27,0.0023499999940395353
2016-06-28,0.0025999999046325685
2016-06-29,0.0025499999523162843
2016-06-30,0.0024799999594688417
2016-07-01,0.0024300000071525575
2016-07-05,0.0023800000548362733
2016-07-06,0.002630000114440918
2016-07-07,0.0027000001072883606
2016-07-08,0.0027300000190734865
2016-07-11,0.002750000059604645
2016-07-12,0.0029499998688697817
2016-07-13,0.0029800000786781313
2016-07-14,0.003030000030994415
2016-07-15,0.0029800000786781313
2016-07-18,0.0028799998760223387
2016-07-19,0.003100000023841858
2016-07-20,0.0031499999761581423
2016-07-21,0.003030000030994415
2016-07-22,0.003030000030994415
2016-07-25,0.0029800000786781313
2016-07-26,0.0030799999833106993
2016-07-27,0.0028299999237060545
2016-07-28,0.002199999988079071
2016-07-29,0.0023999999463558195
2016-08-01,0.0023800000548362733
2016-08-02,0.002800000011920929
2016-08-03,0.0026800000667572023
2016-08-04,0.0024799999594688417
2016-08-05,0.0025
2016-08-08,0.0025
2016-08-09,0.002930000126361847
2016-08-10,0.0027300000190734865
2016-08-11,0.002750000059604645
2016-08-12,0.002630000114440918
2016-08-15,0.002750000059604645
2016-08-16,0.0028799998760223387
2016-08-17,0.0028799998760223387
2016-08-18,0.0028499999642372133
2016-08-19,0.002930000126361847
2016-08-22,0.002800000011920929
2016-08-23,0.003050000071525574
2016-08-24,0.003050000071525574
2016-08-25,0.003050000071525574
2016-08-26,0.003050000071525574
2016-08-29,0.003050000071525574
2016-08-30,0.0032499998807907103
2016-08-31,0.003199999928474426
2016-09-01,0.0031499999761581423
2016-09-02,0.003030000030994415
2016-09-06,0.003030000030994415
2016-09-07,0.0033000001311302186
2016-09-08,0.003330000042915344
2016-09-09,0.003330000042915344
2016-09-12,0.003499999940395355
2016-09-13,0.003449999988079071
2016-09-14,0.0031499999761581423
2016-09-15,0.0027799999713897707
2016-09-16,0.0027300000190734865
2016-09-19,0.0023800000548362733
2016-09-20,0.0028799998760223387
2016-09-21,0.0022300000488758086
2016-09-22,0.001599999964237213
2016-09-23,0.0016500000655651093
2016-09-26,0.0017299999296665192
2016-09-27,0.0025499999523162843
2016-09-28,0.002630000114440918
2016-09-29,0.0023499999940395353
2016-09-30,0.0025999999046325685
2016-10-03,0.0028799998760223387
2016-10-04,0.0031499999761581423
2016-10-05,0.0031299999356269835
2016-10-06,0.003100000023841858
2016-10-07,0.003100000023841858
2016-10-10,0.0030799999833106993
2016-10-11,0.003199999928474426
2016-10-12,0.003400000035762787
2016-10-13,0.002750000059604645
2016-10-14,0.0028999999165534975
2016-10-17,0.0029499998688697817
2016-10-18,0.003330000042915344
2016-10-19,0.003230000138282776
2016-10-20,0.003199999928474426
2016-10-21,0.0031499999761581423
2016-10-24,0.0031299999356269835
2016-10-25,0.0032499998807907103
2016-10-26,0.0031299999356269835
2016-10-27,0.002750000059604645
2016-10-28,0.0027300000190734865
2016-10-31,0.0029499998688697817
2016-11-01,0.003449999988079071
2016-11-02,0.003449999988079071
2016-11-03,0.003580000102519989
2016-11-04,0.003580000102519989
2016-11-07,0.0038999998569488525
2016-11-08,0.004199999868869781
2016-11-09,0.004180000126361847
2016-11-10,0.004580000042915344
2016-11-14,0.005030000209808349
2016-11-15,0.004880000054836273
2016-11-16,0.00453000009059906
2016-11-17,0.004199999868869781
2016-11-18,0.004180000126361847
2016-11-21,0.004199999868869781
2016-11-22,0.004749999940395355
2016-11-23,0.0048500001430511475
2016-11-25,0.004799999892711639
2016-11-28,0.0044999998807907105
2016-11-29,0.004679999947547912
2016-11-30,0.004679999947547912
2016-12-01,0.004580000042915344
2016-12-02,0.004550000131130219
2016-12-05,0.00453000009059906
2016-12-06,0.0048500001430511475
2016-12-07,0.004880000054836273
2016-12-08,0.004900000095367432
2016-12-09,0.005199999809265137
2016-12-12,0.005
2016-12-13,0.005230000019073486
2016-12-14,0.005230000019073486
2016-12-15,0.004880000054836273
2016-12-16,0.0048500001430511475
2016-12-19,0.004779999852180481
2016-12-20,0.005130000114440918
2016-12-21,0.005030000209808349
2016-12-22,0.0049300000071525575
2016-12-23,0.005
2016-12-27,0.004950000047683716
2016-12-28,0.004950000047683716
2016-12-29,0.004399999976158142
2016-12-30,0.004799999892711639
2017-01-03,0.004749999940395355
2017-01-04,0.005180000066757202
2017-01-05,0.0050800001621246335
2017-01-06,0.005030000209808349
2017-01-09,0.0048500001430511475
2017-01-10,0.005030000209808349
2017-01-11,0.004979999959468842
2017-01-12,0.005030000209808349
2017-01-13,0.005130000114440918
2017-01-17,0.005130000114440918
2017-01-18,0.005149999856948853
2017-01-19,0.005030000209808349
2017-01-20,0.004799999892711639
2017-01-23,0.0047299998998641965
2017-01-24,0.0049300000071525575
2017-01-25,0.004830000102519989
2017-01-26,0.004880000054836273
2017-01-27,0.004979999959468842
2017-01-30,0.004950000047683716
2017-01-31,0.005
2017-02-01,0.005
2017-02-02,0.004880000054836273
2017-02-03,0.004880000054836273
2017-02-06,0.005030000209808349
2017-02-07,0.005249999761581421
2017-02-08,0.005249999761581421
2017-02-09,0.00527999997138977
2017-02-10,0.005230000019073486
2017-02-13,0.005230000019073486
2017-02-14,0.005350000262260437
2017-02-15,0.005199999809265137
2017-02-16,0.0050800001621246335
2017-02-17,0.0050800001621246335
2017-02-21,0.005049999952316284
2017-02-22,0.0050999999046325685
2017-02-23,0.004979999959468842
2017-02-24,0.004979999959468842
2017-02-27,0.004900000095367432
2017-02-28,0.005230000019073486
2017-03-01,0.006150000095367432
2017-03-02,0.006449999809265136
2017-03-03,0.006830000281333923
2017-03-06,0.007049999833106994
2017-03-07,0.007350000143051147
2017-03-08,0.007080000042915344
2017-03-09,0.007129999995231629
2017-03-10,0.0072500002384185795
2017-03-13,0.007279999852180481
2017-03-14,0.00753000020980835
2017-03-15,0.007149999737739563
2017-03-16,0.007080000042915344
2017-03-17,0.007080000042915344
2017-03-20,0.0070999997854232786
2017-03-21,0.00753000020980835
2017-03-22,0.0074800002574920655
2017-03-23,0.0074800002574920655
2017-03-24,0.0074800002574920655
2017-03-27,0.007580000162124634
2017-03-28,0.007730000019073487
2017-03-29,0.007549999952316284
2017-03-30,0.007580000162124634
2017-03-31,0.00737999975681305
2017-04-03,0.007400000095367431
2017-04-04,0.007799999713897705
2017-04-05,0.007799999713897705
2017-04-06,0.007879999876022338
2017-04-07,0.007979999780654907
2017-04-10,0.007879999876022338
2017-04-11,0.00800000011920929
2017-04-12,0.007929999828338623
2017-04-13,0.007900000214576722
2017-04-17,0.007900000214576722
2017-04-18,0.008050000071525574
2017-04-19,0.007850000262260437
2017-04-20,0.007699999809265137
2017-04-21,0.007630000114440918
2017-04-24,0.007699999809265137
2017-04-25,0.008080000281333924
2017-04-26,0.008029999732971192
2017-04-27,0.007850000262260437
2017-04-28,0.007799999713897705
2017-05-01,0.007850000262260437
2017-05-02,0.008429999947547912
2017-05-03,0.008479999899864197
2017-05-04,0.008550000190734864
2017-05-05,0.008679999709129334
2017-05-08,0.008700000047683716
2017-05-09,0.008899999856948853
2017-05-10,0.00875
2017-05-11,0.008600000143051147
2017-05-12,0.008550000190734864
2017-05-15,0.008629999756813049
2017-05-16,0.008899999856948853
2017-05-17,0.00875
2017-05-18,0.008930000066757203
2017-05-19,0.008880000114440918
2017-05-22,0.008780000209808349
2017-05-23,0.00912999987602234
2017-05-24,0.009049999713897704
2017-05-25,0.009079999923706054
2017-05-26,0.009100000262260438
2017-05-30,0.009100000262260438
2017-05-31,0.00949999988079071
2017-06-01,0.009480000138282776
2017-06-02,0.00953000009059906
2017-06-05,0.009480000138282776
2017-06-06,0.009580000042915345
2017-06-07,0.009729999899864197
2017-06-08,0.009729999899864197
2017-06-09,0.009800000190734863
2017-06-12,0.009729999899864197
2017-06-13,0.009829999804496765
2017-06-14,0.009829999804496765
2017-06-15,0.009929999709129333
2017-06-16,0.009850000143051147
2017-06-19,0.009850000143051147
2017-06-20,0.009929999709129333
2017-06-21,0.009679999947547913
2017-06-22,0.009330000281333923
2017-06-23,0.009330000281333923
2017-06-26,0.009330000281333923
2017-06-27,0.009900000095367432
2017-06-28,0.009850000143051147
2017-06-29,0.01003000020980835
2017-06-30,0.009929999709129333
2017-07-03,0.01
2017-07-05,0.010199999809265137
2017-07-06,0.010080000162124634
2017-07-07,0.010080000162124634
2017-07-10,0.010130000114440919
2017-07-11,0.010329999923706056
2017-07-12,0.010230000019073487
2017-07-13,0.010130000114440919
2017-07-14,0.010080000162124634
2017-07-17,0.010199999809265137
2017-07-18,0.010399999618530274
2017-07-19,0.010850000381469726
2017-07-20,0.011130000352859498
2017-07-21,0.011380000114440918
2017-07-24,0.011499999761581422
2017-07-25,0.011430000066757201
2017-07-26,0.010950000286102294
2017-07-27,0.010779999494552613
2017-07-28,0.01052999973297119
2017-07-31,0.01052999973297119
2017-08-01,0.010579999685287476
2017-08-02,0.010499999523162842
2017-08-03,0.010579999685287476
2017-08-04,0.01052999973297119
2017-08-07,0.010329999923706056
2017-08-08,0.010299999713897705
2017-08-09,0.01024999976158142
2017-08-10,0.010180000066757202
2017-08-11,0.010130000114440919
2017-08-14,0.01003000020980835
2017-08-15,0.010080000162124634
2017-08-16,0.009850000143051147
2017-08-17,0.009779999852180482
2017-08-18,0.00987999975681305
2017-08-21,0.009649999737739563
2017-08-22,0.009950000047683715
2017-08-23,0.009800000190734863
2017-08-24,0.009980000257492065
2017-08-25,0.009950000047683715
2017-08-28,0.010049999952316284
2017-08-29,0.010099999904632569
2017-08-30,0.009980000257492065
2017-08-31,0.009779999852180482
2017-09-01,0.009850000143051147
2017-09-05,0.009829999804496765
2017-09-06,0.010379999876022339
2017-09-07,0.010230000019073487
2017-09-08,0.010199999809265137
2017-09-11,0.010199999809265137
2017-09-12,0.010180000066757202
2017-09-13,0.010180000066757202
2017-09-14,0.01027999997138977
2017-09-15,0.010099999904632569
2017-09-18,0.01
2017-09-19,0.010180000066757202
2017-09-20,0.010199999809265137
2017-09-21,0.010080000162124634
2017-09-22,0.01003000020980835
2017-09-25,0.009980000257492065
2017-09-26,0.010429999828338622
2017-09-27,0.010379999876022339
2017-09-28,0.010299999713897705
2017-09-29,0.01027999997138977
2017-10-02,0.010130000114440919
2017-10-03,0.010349999666213989
2017-10-04,0.010429999828338622
2017-10-05,0.010429999828338622
2017-10-06,0.010429999828338622
2017-10-09,0.010449999570846557
2017-10-10,0.010549999475479126
2017-10-11,0.010679999589920044
2017-10-12,0.01052999973297119
2017-10-13,0.010499999523162842
2017-10-16,0.010549999475479126
2017-10-17,0.010729999542236328
2017-10-18,0.010679999589920044
2017-10-19,0.010650000572204589
2017-10-20,0.010750000476837157
2017-10-23,0.010700000524520874
2017-10-24,0.010980000495910644
2017-10-25,0.010829999446868896
2017-10-26,0.010800000429153443
2017-10-27,0.010729999542236328
2017-10-30,0.010750000476837157
2017-10-31,0.011230000257492066
2017-11-01,0.011380000114440918
2017-11-02,0.011380000114440918
2017-11-03,0.011480000019073486
2017-11-06,0.011579999923706055
2017-11-07,0.01187999963760376
2017-11-08,0.011950000524520873
2017-11-09,0.012029999494552612
2017-11-10,0.012000000476837159
2017-11-13,0.01184999942779541
2017-11-14,0.012400000095367432
2017-11-15,0.012300000190734864
2017-11-16,0.012300000190734864
2017-11-17,0.012400000095367432
2017-11-20,0.012400000095367432
2017-11-21,0.012779999971389771
2017-11-22,0.012649999856948852
2017-11-24,0.012400000095367432
2017-11-27,0.012230000495910644
2017-11-28,0.012649999856948852
2017-11-29,0.012580000162124634
2017-11-30,0.012380000352859497
2017-12-01,0.012350000143051147
2017-12-04,0.012450000047683716
2017-12-05,0.012829999923706054
2017-12-06,0.012630000114440917
2017-12-07,0.012599999904632569
2017-12-08,0.012530000209808349
2017-12-11,0.012630000114440917
2017-12-12,0.01309999942779541
2017-12-13,0.012730000019073486
2017-12-14,0.012829999923706054
2017-12-15,0.01284999966621399
2017-12-18,0.01315000057220459
2017-12-19,0.013530000448226928
2017-12-20,0.01350000023841858
2017-12-21,0.013200000524520875
2017-12-22,0.012979999780654908
2017-12-26,0.013029999732971191
2017-12-27,0.014079999923706055
2017-12-28,0.013700000047683715
2017-12-29,0.013550000190734863
2018-01-02,0.01378000020980835
2018-01-03,0.013700000047683715
2018-01-04,0.013700000047683715
2018-01-05,0.013700000047683715
2018-01-08,0.013799999952316283
2018-01-09,0.014149999618530274
2018-01-10,0.013949999809265137
2018-01-11,0.01402999997138977
2018-01-12,0.014099999666213989
2018-01-16,0.013949999809265137
2018-01-17,0.014149999618530274
2018-01-18,0.014049999713897705
2018-01-19,0.01402999997138977
2018-01-22,0.013899999856948852
2018-01-23,0.014129999876022339
2018-01-24,0.014099999666213989
2018-01-25,0.013930000066757202
2018-01-26,0.013880000114440919
2018-01-29,0.01375
2018-01-30,0.014249999523162842
2018-01-31,0.014299999475479126
2018-02-01,0.014529999494552612
2018-02-02,0.014500000476837159
2018-02-05,0.014579999446868896
2018-02-06,0.014880000352859498
2018-02-07,0.015149999856948853
2018-02-08,0.015149999856948853
2018-02-09,0.015249999761581421
2018-02-12,0.01534999966621399
2018-02-13,0.015700000524520873
2018-02-14,0.015499999523162842
2018-02-15,0.01559999942779541
2018-02-16,0.015700000524520873
2018-02-20,0.015729999542236327
2018-02-21,0.016080000400543214
2018-02-22,0.016050000190734864
2018-02-23,0.016050000190734864
2018-02-26,0.016080000400543214
2018-02-27,0.016349999904632567
2018-02-28,0.01618000030517578
2018-03-01,0.01590000033378601
2018-03-02,0.016050000190734864
2018-03-05,0.01625
2018-03-06,0.0164300000667572
2018-03-07,0.01649999976158142
2018-03-08,0.016349999904632567
2018-03-09,0.016349999904632567
2018-03-12,0.0164300000667572
2018-03-13,0.01690000057220459
2018-03-14,0.01718000054359436
2018-03-15,0.01733000040054321
2018-03-16,0.017380000352859498
2018-03-19,0.017280000448226928
2018-03-20,0.017580000162124635
2018-03-21,0.017100000381469728
2018-03-22,0.016829999685287474
2018-03-23,0.01687999963760376
2018-03-26,0.01705000042915344
2018-03-27,0.01733000040054321
2018-03-28,0.016950000524520874
2018-03-29,0.016699999570846558
2018-04-02,0.016829999685287474
2018-04-03,0.017130000591278075
2018-04-04,0.016679999828338624
2018-04-05,0.01674999952316284
2018-04-06,0.016799999475479124
2018-04-09,0.01674999952316284
2018-04-10,0.016950000524520874
2018-04-11,0.016929999589920045
2018-04-12,0.01705000042915344
2018-04-13,0.01718000054359436
2018-04-16,0.017130000591278075
2018-04-17,0.017549999952316285
2018-04-18,0.017699999809265135
2018-04-19,0.017829999923706055
2018-04-20,0.01764999985694885
2018-04-23,0.017829999923706055
2018-04-24,0.01822999954223633
2018-04-25,0.01815000057220459
2018-04-26,0.01784999966621399
2018-04-27,0.017699999809265135
2018-04-30,0.01763000011444092
2018-05-01,0.01809999942779541
2018-05-02,0.01784999966621399
2018-05-03,0.01787999987602234
2018-05-04,0.017929999828338622
2018-05-07,0.017929999828338622
2018-05-08,0.018350000381469726
2018-05-09,0.018450000286102296
2018-05-10,0.018450000286102296
2018-05-11,0.018600000143051146
2018-05-14,0.018550000190734862
2018-05-15,0.01875
2018-05-16,0.018650000095367433
2018-05-17,0.018630000352859496
2018-05-18,0.018550000190734862
2018-05-21,0.018630000352859496
2018-05-22,0.018930000066757203
2018-05-23,0.018730000257492066
2018-05-24,0.018600000143051146
2018-05-25,0.01853000044822693
2018-05-29,0.018400000333786012
2018-05-30,0.01878000020980835
2018-05-31,0.018700000047683716
2018-06-01,0.018680000305175783
2018-06-04,0.018650000095367433
2018-06-05,0.01902999997138977
2018-06-06,0.01899999976158142
2018-06-07,0.01884999990463257
2018-06-08,0.018799999952316283
2018-06-11,0.018680000305175783
2018-06-12,0.01888000011444092
2018-06-13,0.018949999809265136
2018-06-14,0.018830000162124633
2018-06-15,0.01888000011444092
2018-06-18,0.018830000162124633
2018-06-19,0.018980000019073486
2018-06-20,0.01888000011444092
2018-06-21,0.018899999856948853
2018-06-22,0.018700000047683716
2018-06-25,0.01853000044822693
2018-06-26,0.018930000066757203
2018-06-27,0.018799999952316283
2018-06-28,0.018799999952316283
2018-06-29,0.018799999952316283
2018-07-02,0.018949999809265136
2018-07-03,0.019329999685287477
2018-07-05,0.01909999966621399
2018-07-06,0.019049999713897706
2018-07-09,0.019149999618530273
2018-07-10,0.01934999942779541
2018-07-11,0.019199999570846556
2018-07-12,0.01927999973297119
2018-07-13,0.01927999973297119
2018-07-16,0.01937999963760376
2018-07-17,0.01975000023841858
2018-07-18,0.019600000381469727
2018-07-19,0.019479999542236327
2018-07-20,0.019329999685287477
2018-07-23,0.019199999570846556
2018-07-24,0.019600000381469727
2018-07-25,0.019529999494552613
2018-07-26,0.019450000524520873
2018-07-27,0.019450000524520873
2018-07-30,0.019450000524520873
2018-07-31,0.019850000143051147
2018-08-01,0.01978000044822693
2018-08-02,0.01965000033378601
2018-08-03,0.019600000381469727
2018-08-06,0.01968000054359436
2018-08-07,0.020079998970031737
2018-08-08,0.020079998970031737
2018-08-09,0.02005000114440918
2018-08-10,0.02
2018-08-13,0.019950000047683717
2018-08-14,0.020329999923706054
2018-08-15,0.020199999809265137
2018-08-16,0.020150001049041747
2018-08-17,0.019950000047683717
2018-08-20,0.01993000030517578
2018-08-21,0.020350000858306884
2018-08-22,0.020350000858306884
2018-08-23,0.020329999923706054
2018-08-24,0.020480000972747804
2018-08-27,0.02059999942779541
2018-08-28,0.020780000686645508
2018-08-29,0.020799999237060548
2018-08-30,0.02058000087738037
2018-08-31,0.02055000066757202
2018-09-04,0.02068000078201294
2018-09-05,0.020899999141693115
2018-09-06,0.020799999237060548
2018-09-07,0.020880000591278078
2018-09-10,0.020829999446868898
2018-09-11,0.02108000040054321
2018-09-12,0.021050000190734865
2018-09-13,0.020929999351501465
2018-09-14,0.021029999256134035
2018-09-17,0.02108000040054321
2018-09-18,0.02125
2018-09-19,0.02119999885559082
2018-09-20,0.02118000030517578
2018-09-21,0.02122999906539917
2018-09-24,0.02122999906539917
2018-09-25,0.021679999828338622
2018-09-26,0.021600000858306885
2018-09-27,0.021400001049041748
2018-09-28,0.021500000953674315
2018-10-01,0.021549999713897705
2018-10-02,0.021749999523162842
2018-10-03,0.021700000762939452
2018-10-04,0.021700000762939452
2018-10-05,0.021649999618530272
2018-10-08,0.021649999618530272
2018-10-09,0.02184999942779541
2018-10-10,0.022200000286102296
2018-10-11,0.022149999141693116
2018-10-12,0.022179999351501466
2018-10-15,0.022300000190734862
2018-10-16,0.02259999990463257
2018-10-17,0.02259999990463257
2018-10-18,0.02255000114440918
2018-10-19,0.02259999990463257
2018-10-22,0.02257999897003174
2018-10-23,0.022899999618530273
2018-10-24,0.022850000858306886
2018-10-25,0.022799999713897706
2018-10-26,0.022730000019073486
2018-10-29,0.02259999990463257
2018-10-30,0.022829999923706056
2018-10-31,0.022780001163482666
2018-11-01,0.022699999809265136
2018-11-02,0.022730000019073486
2018-11-05,0.022679998874664306
2018-11-06,0.02309999942779541
2018-11-07,0.02309999942779541
2018-11-08,0.023029999732971193
2018-11-09,0.022999999523162843
2018-11-12,0.022999999523162843
2018-11-13,0.022950000762939453
2018-11-14,0.02325000047683716
2018-11-15,0.02309999942779541
2018-11-16,0.022999999523162843
2018-11-19,0.022999999523162843
2018-11-20,0.023350000381469727
2018-11-21,0.023499999046325683
2018-11-23,0.023480000495910643
2018-11-26,0.023429999351501463
2018-11-27,0.023529999256134033
2018-11-28,0.023350000381469727
2018-11-29,0.02309999942779541
2018-11-30,0.02308000087738037
2018-12-03,0.022880001068115233
2018-12-04,0.02365000009536743
2018-12-06,0.023529999256134033
2018-12-07,0.023399999141693117
2018-12-10,0.023299999237060547
2018-12-11,0.02369999885559082
2018-12-12,0.02375
2018-12-13,0.0236299991607666
2018-12-14,0.02368000030517578
2018-12-17,0.023399999141693117
2018-12-18,0.023280000686645506
2018-12-19,0.023380000591278077
2018-12-20,0.023350000381469727
2018-12-21,0.023299999237060547
2018-12-24,0.023329999446868897
2018-12-26,0.02380000114440918
2018-12-27,0.023480000495910643
2018-12-28,0.023280000686645506
2018-12-31,0.022999999523162843
2019-01-02,0.02365000009536743
2019-01-03,0.023550000190734863
2019-01-04,0.023580000400543213
2019-01-07,0.023529999256134033
2019-01-08,0.024000000953674317
2019-01-09,0.023900001049041747
2019-01-10,0.02375
2019-01-11,0.02369999885559082
2019-01-14,0.023599998950958254
2019-01-15,0.023829998970031737
2019-01-16,0.0236299991607666
2019-01-17,0.023550000190734863
2019-01-18,0.023480000495910643
2019-01-22,0.023450000286102293
2019-01-23,0.023529999256134033
2019-01-24,0.023050000667572023
2019-01-25,0.023280000686645506
2019-01-28,0.023329999446868897
2019-01-29,0.02365000009536743
2019-01-30,0.02365000009536743
2019-01-31,0.023399999141693117
2019-02-01,0.023399999141693117
2019-02-04,0.023350000381469727
2019-02-05,0.02365000009536743
2019-02-06,0.02365000009536743
2019-02-07,0.023550000190734863
2019-02-08,0.02365000009536743
2019-02-11,0.02375
2019-02-12,0.02378000020980835
2019-02-13,0.02372999906539917
2019-02-14,0.02372999906539917
2019-02-15,0.02369999885559082
2019-02-19,0.02372999906539917
2019-02-20,0.023829998970031737
2019-02-21,0.023949999809265137
2019-02-22,0.023929998874664307
2019-02-25,0.023929998874664307
2019-02-26,0.024000000953674317
2019-02-27,0.023929998874664307
2019-02-28,0.023829998970031737
2019-03-01,0.02378000020980835
2019-03-04,0.02375
2019-03-05,0.024000000953674317
2019-03-06,0.024049999713897704
2019-03-07,0.023949999809265137
2019-03-08,0.023929998874664307
2019-03-11,0.02380000114440918
2019-03-12,0.023949999809265137
2019-03-13,0.023880000114440917
2019-03-14,0.023880000114440917
2019-03-15,0.023880000114440917
2019-03-18,0.023849999904632567
2019-03-19,0.024049999713897704
2019-03-20,0.024079999923706054
2019-03-21,0.024079999923706054
2019-03-22,0.023980000019073487
2019-03-25,0.023900001049041747
2019-03-26,0.024049999713897704
2019-03-27,0.02378000020980835
2019-03-28,0.02369999885559082
2019-03-29,0.023280000686645506
2019-04-01,0.023229999542236326
2019-04-02,0.02369999885559082
2019-04-03,0.02372999906539917
2019-04-04,0.02369999885559082
2019-04-05,0.02369999885559082
2019-04-08,0.02365000009536743
2019-04-09,0.02365000009536743
2019-04-10,0.0236299991607666
2019-04-11,0.02365000009536743
2019-04-12,0.02375
2019-04-15,0.023599998950958254
2019-04-16,0.02378000020980835
2019-04-17,0.02380000114440918
2019-04-18,0.02365000009536743
2019-04-22,0.02375
2019-04-23,0.023900001049041747
2019-04-24,0.02375
2019-04-25,0.02365000009536743
2019-04-26,0.023599998950958254
2019-04-29,0.023599998950958254
2019-04-30,0.02368000030517578
2019-05-01,0.0236299991607666
2019-05-02,0.02372999906539917
2019-05-03,0.02368000030517578
2019-05-06,0.0236299991607666
2019-05-07,0.02368000030517578
2019-05-08,0.02369999885559082
2019-05-09,0.02369999885559082
2019-05-10,0.02369999885559082
2019-05-13,0.023499999046325683
2019-05-14,0.023529999256134033
2019-05-15,0.023499999046325683
2019-05-16,0.023380000591278077
2019-05-17,0.023299999237060547
2019-05-20,0.02319999933242798
2019-05-21,0.023299999237060547
2019-05-22,0.02319999933242798
2019-05-23,0.023029999732971193
2019-05-24,0.022880001068115233
2019-05-28,0.022980000972747803
2019-05-29,0.022980000972747803
2019-05-30,0.02309999942779541
2019-05-31,0.022929999828338623
2019-06-03,0.022799999713897706
2019-06-04,0.022950000762939453
2019-06-05,0.022850000858306886
2019-06-06,0.02255000114440918
2019-06-07,0.022149999141693116
2019-06-10,0.022200000286102296
2019-06-11,0.022130000591278075
2019-06-12,0.021649999618530272
2019-06-13,0.021400001049041748
2019-06-14,0.02125
2019-06-17,0.021380000114440918
2019-06-18,0.021679999828338622
2019-06-19,0.02125
2019-06-20,0.020780000686645508
2019-06-21,0.02055000066757202
2019-06-24,0.02058000087738037
2019-06-25,0.020829999446868898
2019-06-26,0.020929999351501465
2019-06-27,0.020850000381469728
2019-06-28,0.020350000858306884
2019-07-01,0.02065000057220459
2019-07-02,0.021480000019073485
2019-07-03,0.021500000953674315
2019-07-05,0.021630001068115235
2019-07-08,0.021779999732971192
2019-07-09,0.02194999933242798
2019-07-10,0.021300001144409178
2019-07-11,0.020980000495910645
2019-07-12,0.020899999141693115
2019-07-15,0.020850000381469728
2019-07-16,0.021029999256134035
2019-07-17,0.020729999542236328
2019-07-18,0.020130000114440917
2019-07-19,0.020130000114440917
2019-07-22,0.020250000953674317
2019-07-23,0.020329999923706054
2019-07-24,0.020399999618530274
2019-07-25,0.02059999942779541
2019-07-26,0.02062999963760376
2019-07-29,0.02049999952316284
2019-07-30,0.020399999618530274
2019-07-31,0.020299999713897704
2019-08-01,0.020299999713897704
2019-08-02,0.02
2019-08-05,0.019529999494552613
2019-08-06,0.019950000047683717
2019-08-07,0.01968000054359436
2019-08-08,0.019700000286102293
2019-08-09,0.019500000476837157
2019-08-12,0.01927999973297119
2019-08-13,0.019550000429153443
2019-08-14,0.019079999923706056
2019-08-15,0.01843000054359436
2019-08-16,0.01822999954223633
2019-08-19,0.01853000044822693
2019-08-20,0.01899999976158142
2019-08-21,0.01927999973297119
2019-08-22,0.01937999963760376
2019-08-23,0.01909999966621399
2019-08-26,0.019329999685287477
2019-08-27,0.019429999589920043
2019-08-28,0.01940000057220459
2019-08-29,0.01940000057220459
2019-08-30,0.019329999685287477
2019-09-03,0.01909999966621399
2019-09-04,0.019049999713897706
2019-09-05,0.019199999570846556
2019-09-06,0.01909999966621399
2019-09-09,0.019079999923706056
2019-09-10,0.01912999987602234
2019-09-11,0.01912999987602234
2019-09-12,0.018949999809265136
2019-09-13,0.01899999976158142
2019-09-16,0.019450000524520873
2019-09-17,0.01937999963760376
2019-09-18,0.018799999952316283
2019-09-19,0.018830000162124633
2019-09-20,0.01850000023841858
2019-09-23,0.018450000286102296
2019-09-24,0.018799999952316283
2019-09-25,0.018450000286102296
2019-09-26,0.017699999809265135
2019-09-27,0.017300000190734865
2019-09-30,0.017699999809265135
2019-10-01,0.017530000209808348
2019-10-02,0.017350000143051148
2019-10-03,0.016649999618530274
2019-10-04,0.016549999713897704
2019-10-07,0.016729999780654908
2019-10-08,0.016549999713897704
2019-10-09,0.01628000020980835
2019-10-10,0.016330000162124634
2019-10-11,0.016230000257492064
2019-10-14,0.01618000030517578
2019-10-15,0.01618000030517578
2019-10-16,0.01615000009536743
2019-10-17,0.01625
2019-10-18,0.01625
2019-10-21,0.01625
2019-10-22,0.01615000009536743
2019-10-23,0.01615000009536743
2019-10-24,0.016230000257492064
2019-10-25,0.01625
2019-10-28,0.016050000190734864
2019-10-29,0.015950000286102294
2019-10-30,0.015950000286102294
2019-10-31,0.014980000257492066
2019-11-01,0.014850000143051148
2019-11-04,0.01503000020980835
2019-11-05,0.015180000066757203
2019-11-06,0.015149999856948853
2019-11-07,0.015180000066757203
2019-11-08,0.015099999904632568
2019-11-11,0.015130000114440918
2019-11-12,0.015329999923706055
2019-11-13,0.01534999966621399
2019-11-14,0.01527999997138977
2019-11-15,0.01527999997138977
2019-11-18,0.015230000019073486
2019-11-19,0.015249999761581421
2019-11-20,0.015199999809265136
2019-11-21,0.015299999713897705
2019-11-22,0.015429999828338623
2019-11-25,0.015449999570846558
2019-11-26,0.01565000057220459
2019-11-27,0.01565000057220459
2019-11-29,0.015399999618530273
2019-12-02,0.015379999876022338
2019-12-03,0.015379999876022338
2019-12-04,0.014980000257492066
2019-12-05,0.014930000305175781
2019-12-06,0.014800000190734863
2019-12-09,0.014980000257492066
2019-12-10,0.015149999856948853
2019-12-11,0.015199999809265136
2019-12-12,0.015299999713897705
2019-12-13,0.015230000019073486
2019-12-16,0.015249999761581421
2019-12-17,0.015299999713897705
2019-12-18,0.015180000066757203
2019-12-19,0.015329999923706055
2019-12-20,0.01527999997138977
2019-12-23,0.015199999809265136
2019-12-24,0.015379999876022338
2019-12-26,0.01534999966621399
2019-12-27,0.015180000066757203
2019-12-30,0.014900000095367431
2019-12-31,0.015049999952316285
2020-01-02,0.014950000047683716
2020-01-03,0.014730000495910644
2020-01-06,0.014880000352859498
2020-01-07,0.015
2020-01-08,0.014930000305175781
2020-01-09,0.015
2020-01-10,0.014980000257492066
2020-01-13,0.015099999904632568
2020-01-14,0.015299999713897705
2020-01-15,0.015080000162124635
2020-01-16,0.015180000066757203
2020-01-17,0.015230000019073486
2020-01-21,0.01503000020980835
2020-01-22,0.015130000114440918
2020-01-23,0.015149999856948853
2020-01-24,0.014900000095367431
2020-01-27,0.015049999952316285
2020-01-28,0.015299999713897705
2020-01-29,0.015199999809265136
2020-01-30,0.01527999997138977
2020-01-31,0.015099999904632568
2020-02-03,0.015180000066757203
2020-02-04,0.015379999876022338
2020-02-05,0.015199999809265136
2020-02-06,0.015299999713897705
2020-02-07,0.015180000066757203
2020-02-10,0.015199999809265136
2020-02-11,0.015379999876022338
2020-02-12,0.01534999966621399
2020-02-13,0.015449999570846558
2020-02-14,0.01534999966621399
2020-02-18,0.01534999966621399
2020-02-19,0.015429999828338623
2020-02-20,0.015379999876022338
2020-02-21,0.015180000066757203
2020-02-24,0.01503000020980835
2020-02-25,0.014900000095367431
2020-02-26,0.01478000044822693
2020-02-27,0.013949999809265137
2020-02-28,0.012300000190734864
2020-03-02,0.011349999904632568
2020-03-03,0.009179999828338623
2020-03-04,0.00675000011920929
2020-03-05,0.005950000286102295
2020-03-06,0.004149999916553498
2020-03-09,0.0033000001311302186
2020-03-10,0.0038999998569488525
2020-03-11,0.0036800000071525573
2020-03-12,0.0027300000190734865
2020-03-13,0.0024300000071525575
2020-03-16,0.0018500000238418578
2020-03-17,0.0016500000655651093
2020-03-18,3.0000000260770322e-05
2020-03-19,-0.00028000000864267347
2020-03-20,-0.00032999999821186065
2020-03-23,-0.00039999999105930326
2020-03-24,-0.00032999999821186065
2020-03-25,-0.0007000000029802323
2020-03-26,-0.0010499999672174453
2020-03-27,-0.0005799999833106995
2020-03-30,0.00013000000268220902
2020-03-31,0.00029999999329447744
2020-04-01,0.0006300000101327896
2020-04-02,0.0006499999761581421
2020-04-03,0.0005799999833106995
2020-04-06,0.0005999999865889549
2020-04-07,0.0012800000607967378
2020-04-08,0.0018500000238418578
2020-04-09,0.0020999999344348905
2020-04-13,0.0020000000298023225
2020-04-14,0.0016500000655651093
2020-04-15,0.0011500000208616258
2020-04-16,0.0010999999940395355
2020-04-17,0.001030000001192093
2020-04-20,0.0007000000029802323
2020-04-21,0.0009799999743700027
2020-04-22,0.0009300000220537186
2020-04-23,0.0009300000220537186
2020-04-24,0.0010000000149011613
2020-04-27,0.0009300000220537186
2020-04-28,0.0008500000089406968
2020-04-29,0.0009000000357627869
2020-04-30,0.0009000000357627869
2020-05-01,0.0009300000220537186
2020-05-04,0.0009000000357627869
2020-05-05,0.0010999999940395355
2020-05-06,0.001080000028014183
2020-05-07,0.000949999988079071
2020-05-08,0.000949999988079071
2020-05-11,0.0010499999672174453
2020-05-12,0.0012300000339746475
2020-05-13,0.0011500000208616258
2020-05-14,0.0010499999672174453
2020-05-15,0.001030000001192093
2020-05-18,0.0010499999672174453
2020-05-19,0.0011800000071525575
2020-05-20,0.0011800000071525575
2020-05-21,0.0010999999940395355
2020-05-22,0.0010999999940395355
2020-05-26,0.0011800000071525575
2020-05-27,0.0013500000536441803
2020-05-28,0.001379999965429306
2020-05-29,0.0012800000607967378
2020-06-01,0.0012800000607967378
2020-06-02,0.0014499999582767487
2020-06-03,0.0014800000190734863
2020-06-04,0.0014000000059604645
2020-06-05,0.0014499999582767487
2020-06-08,0.0015299999713897705
2020-06-09,0.0016500000655651093
2020-06-10,0.0016500000655651093
2020-06-11,0.0015299999713897705
2020-06-12,0.0015000000596046448
2020-06-15,0.001550000011920929
2020-06-16,0.001599999964237213
2020-06-17,0.0016500000655651093
2020-06-18,0.0014000000059604645
2020-06-19,0.001430000066757202
2020-06-22,0.0014000000059604645
2020-06-23,0.0014000000059604645
2020-06-24,0.0013500000536441803
2020-06-25,0.0012999999523162842
2020-06-26,0.0013300000131130218
2020-06-29,0.00125
2020-06-30,0.0013500000536441803
